The Core Computer Business (Pty) Ltd,Unnamed: 1,Unnamed: 2,Unnamed: 3,Unnamed: 4
,,,,
,,,,
Apple Reseller Program Price List,,,,
,,,,
,,,,
Effective from 18 June 2025,,,,
,,,,
Items in Red are on Promotion: Ends 30th June 2025 or While Stocks Last,,,,
,,,,
Due to the volatility of the Rand/US Dollar exchange rate please note that the prices published by Core Group may change without notice.,,,,
Should you wish to include these prices in customer quotations please note that the Core Group may not be able to honour the published prices.,,,,
EO&E,,,,
"The reseller is responsible for determining its own prices for the resale of products. Although Core may suggest retail prices, these are suggestions only and the reseller is entirely free to determine the actual prices at which products will be sold.",,,,
,ARP_P1,,,
,,,,
,ARP_P1,,"Wholesale
(ZAR Excl VAT)","RRP 
(ZAR Incl VAT)"
1 - CPU,,,,
DISPLAYS,,,,
MYJF3SO/A,APPLE STUDIO DISPLAY - STANDARD GLASS - TILT- AND HEIGHT-ADJUSTABLE STAND,ACTIVE,50128,63699
MYJG3SO/A,APPLE STUDIO DISPLAY - STANDARD GLASS - TILT-ADJUSTABLE STAND,ACTIVE,40133,50999
MYJH3SO/A,APPLE STUDIO DISPLAY - STANDARD GLASS - VESA MOUNT ADAPTER (STAND NOT INCLUDED),ACTIVE,40133,50999
MYJJ3SO/A,APPLE STUDIO DISPLAY - NANO-TEXTURE GLASS - TILT- AND HEIGHT-ADJUSTABLE STAND,ACTIVE,57722,73349
MYJK3SO/A,APPLE STUDIO DISPLAY - NANO-TEXTURE GLASS - TILT-ADJUSTABLE STAND,ACTIVE,47610,60499
MYJL3SO/A,APPLE STUDIO DISPLAY - NANO-TEXTURE GLASS - VESA MOUNT ADAPTER (STAND NOT INCLUDED),ACTIVE,47610,60499
MYLH3SO/A,PRO DISPLAY XDR - STANDARD GLASS,ACTIVE,125518,159499
MYLJ3SO/A,PRO DISPLAY XDR - NANO-TEXTURE GLASS,ACTIVE,150622,191399
IMAC 24,,,,
MCR24SO/A,"24-INCH IMAC WITH RETINA 4.5K DISPLAY: APPLE M4 CHIP WITH 10‑CORE CPU AND 10‑CORE GPU, 24GB, 512GB SSD - SILVER",ACTIVE,38560,48999
MD2Q4SO/A,"24-INCH IMAC WITH RETINA 4.5K DISPLAY: APPLE M4 CHIP WITH 10‑CORE CPU AND 10‑CORE GPU, 24GB, 512GB SSD - GREEN",ACTIVE,38560,48999
MD2T4SO/A,"24-INCH IMAC WITH RETINA 4.5K DISPLAY: APPLE M4 CHIP WITH 10‑CORE CPU AND 10‑CORE GPU, 24GB, 512GB SSD - BLUE",ACTIVE,38560,48999
MD2U4SO/A,"24-INCH IMAC WITH RETINA 4.5K DISPLAY: APPLE M4 CHIP WITH 10‑CORE CPU AND 10‑CORE GPU, 24GB, 512GB SSD - PINK",ACTIVE,38560,48999
MD3H4SO/A,"24-INCH IMAC WITH RETINA 4.5K DISPLAY, NANO-TEXTURE GLASS: APPLE M4 CHIP WITH 10‑CORE CPU AND 10‑CORE GPU, 256GB SSD, 16GB - SILVER",ACTIVE,34625,43999
MWUC3SO/A,"24-INCH IMAC WITH RETINA 4.5K DISPLAY: APPLE M4 CHIP WITH 8‑CORE CPU AND 8‑CORE GPU, 16GB, 256GB SSD - SILVER",ACTIVE,26519,33699
MWUE3SO/A,"24-INCH IMAC WITH RETINA 4.5K DISPLAY: APPLE M4 CHIP WITH 8‑CORE CPU AND 8‑CORE GPU, 16GB, 256GB SSD - GREEN",ACTIVE,26519,33699
MWUF3SO/A,"24-INCH IMAC WITH RETINA 4.5K DISPLAY: APPLE M4 CHIP WITH 8‑CORE CPU AND 8‑CORE GPU, 16GB, 256GB SSD - BLUE",ACTIVE,26519,33699
MWUG3SO/A,"24-INCH IMAC WITH RETINA 4.5K DISPLAY: APPLE M4 CHIP WITH 8‑CORE CPU AND 8‑CORE GPU, 16GB, 256GB SSD - PINK",ACTIVE,26519,33699
MWUU3SO/A,"24-INCH IMAC WITH RETINA 4.5K DISPLAY: APPLE M4 CHIP WITH 10‑CORE CPU AND 10‑CORE GPU, 16GB, 256GB SSD - SILVER",ACTIVE,30533,38799
MWUV3SO/A,"24-INCH IMAC WITH RETINA 4.5K DISPLAY: APPLE M4 CHIP WITH 10‑CORE CPU AND 10‑CORE GPU, 16GB, 512GB SSD - SILVER",ACTIVE,34625,43999
MWUY3SO/A,"24-INCH IMAC WITH RETINA 4.5K DISPLAY: APPLE M4 CHIP WITH 10‑CORE CPU AND 10‑CORE GPU, 16GB, 256GB SSD - GREEN",ACTIVE,30533,38799
MWV03SO/A,"24-INCH IMAC WITH RETINA 4.5K DISPLAY: APPLE M4 CHIP WITH 10‑CORE CPU AND 10‑CORE GPU, 16GB, 512GB SSD - GREEN",ACTIVE,34625,43999
MWV13SO/A,"24-INCH IMAC WITH RETINA 4.5K DISPLAY: APPLE M4 CHIP WITH 10‑CORE CPU AND 10‑CORE GPU, 16GB, 256GB SSD - BLUE",ACTIVE,30533,38799
MWV33SO/A,"24-INCH IMAC WITH RETINA 4.5K DISPLAY: APPLE M4 CHIP WITH 10‑CORE CPU AND 10‑CORE GPU, 16GB, 512GB SSD - BLUE",ACTIVE,34625,43999
MWV43SO/A,"24-INCH IMAC WITH RETINA 4.5K DISPLAY: APPLE M4 CHIP WITH 10‑CORE CPU AND 10‑CORE GPU, 16GB, 256GB SSD - PINK",ACTIVE,30533,38799
MWV53SO/A,"24-INCH IMAC WITH RETINA 4.5K DISPLAY: APPLE M4 CHIP WITH 10‑CORE CPU AND 10‑CORE GPU, 16GB, 512GB SSD - PINK",ACTIVE,34625,43999
MAC MINI,,,,
MCX44SO/A,"MAC MINI: APPLE M4 PRO CHIP WITH 12‑CORE CPU AND 16‑CORE GPU, 24GB, 512GB SSD",ACTIVE,25575,32499
MCYT4SO/A,"MAC MINI: APPLE M4 CHIP WITH 10‑CORE CPU AND 10‑CORE GPU, 24GB, 512GB SSD",ACTIVE,18335,23299
MU9D3SO/A,"MAC MINI: APPLE M4 CHIP WITH 10‑CORE CPU AND 10‑CORE GPU, 16GB, 256GB SSD",ACTIVE,10230,13999
MU9E3SO/A,"MAC MINI: APPLE M4 CHIP WITH 10‑CORE CPU AND 10‑CORE GPU, 16GB, 512GB SSD",ACTIVE,13830,18599
MAC STUDIO,,,,
MQH63SO/A,"MAC STUDIO: APPLE M2 ULTRA CHIP WITH 24‑CORE CPU, 60‑CORE GPU, 1TB SSD",WHILE STOCKS LAST,62955,79999
MU963SO/A,"MAC STUDIO: APPLE M4 MAX CHIP WITH 14‑CORE CPU, 32‑CORE GPU, 36GB, 512GB",ACTIVE,37379,47499
MU973SO/A,"MAC STUDIO: APPLE M3 ULTRA CHIP WITH 28‑CORE CPU, 60‑CORE GPU, 96GB, 1TB",ACTIVE,75547,95999
MACBOOK AIR M1,,,,
MGN63ZE/A,"13-INCH MACBOOK AIR: APPLE M1 CHIP WITH 8-CORE CPU AND 7-CORE GPU, 256GB - SPACE GREY",WHILE STOCKS LAST,10780,13699
MACBOOK AIR M2,,,,
MC7V4ZE/A,"13-INCH MACBOOK AIR: APPLE M2 CHIP WITH 8-CORE CPU AND 8-CORE GPU, 16GB, 256GB - SILVER",WHILE STOCKS LAST,14164,17999
MC7W4ZE/A,"13-INCH MACBOOK AIR: APPLE M2 CHIP WITH 8-CORE CPU AND 8-CORE GPU, 16GB, 256GB - STARLIGHT",ACTIVE,13450,17999
MC7X4ZE/A,"13-INCH MACBOOK AIR: APPLE M2 CHIP WITH 8-CORE CPU AND 8-CORE GPU, 16GB, 256GB - MIDNIGHT",ACTIVE,13450,17999
MACBOOK AIR M3,,,,
MXCT3ZE/A,"13-INCH MACBOOK AIR: APPLE M3 CHIP WITH 8-CORE CPU AND 10-CORE GPU, 16GB, 512GB SSD - SILVER",WHILE STOCKS LAST,18886,23999
MXD43ZE/A,"15-INCH MACBOOK AIR: APPLE M3 CHIP WITH 8-CORE CPU AND 10-CORE GPU, 16GB, 512GB SSD - MIDNIGHT",WHILE STOCKS LAST,22820,28999
MC8K4ZE/A,"13-INCH MACBOOK AIR: APPLE M3 CHIP WITH 8-CORE CPU AND 8-CORE GPU, 16GB, 256GB SSD - MIDNIGHT",WHILE STOCKS LAST,15738,19999
"MACBOOK PRO 14""",,,,
MRX53ZE/A,"14-INCH MACBOOK PRO: APPLE M3 MAX CHIP WITH 14‑CORE CPU AND 30‑CORE GPU, 1TB SSD - SPACE BLACK",WHILE STOCKS LAST,47216,59999
MCX04ZE/A,"14-INCH MACBOOK PRO: APPLE M4 CHIP WITH 10‑CORE CPU AND 10‑CORE GPU, 24GB, 1TB SSD - SPACE BLACK",ACTIVE,36199,45999
MCX14ZE/A,"14-INCH MACBOOK PRO: APPLE M4 CHIP WITH 10‑CORE CPU AND 10‑CORE GPU, 24GB, 1TB SSD - SILVER",ACTIVE,36199,45999
MW2U3ZE/A,"14-INCH MACBOOK PRO: APPLE M4 CHIP WITH 10‑CORE CPU AND 10‑CORE GPU, 16GB, 512GB SSD - SPACE BLACK",ACTIVE,28150,36999
MW2V3ZE/A,"14-INCH MACBOOK PRO: APPLE M4 CHIP WITH 10‑CORE CPU AND 10‑CORE GPU, 16GB, 1TB SSD - SPACE BLACK",ACTIVE,32657,41499
MW2W3ZE/A,"14-INCH MACBOOK PRO: APPLE M4 CHIP WITH 10‑CORE CPU AND 10‑CORE GPU, 16GB, 512GB SSD - SILVER",ACTIVE,28150,36999
MW2X3ZE/A,"14-INCH MACBOOK PRO: APPLE M4 CHIP WITH 10‑CORE CPU AND 10‑CORE GPU, 16GB, 1TB SSD - SILVER",ACTIVE,32657,41499
MX2E3ZE/A,"14-INCH MACBOOK PRO: APPLE M4 PRO CHIP WITH 12‑CORE CPU AND 16‑CORE GPU, 24GB, 512GB SSD - SILVER",ACTIVE,36199,45999
MX2F3ZE/A,"14-INCH MACBOOK PRO: APPLE M4 PRO CHIP WITH 14‑CORE CPU AND 20‑CORE GPU, 24GB, 1TB SSD - SILVER",ACTIVE,43911,55799
MX2H3ZE/A,"14-INCH MACBOOK PRO: APPLE M4 PRO CHIP WITH 12‑CORE CPU AND 16‑CORE GPU, 24GB, 512GB SSD - SPACE BLACK",ACTIVE,36199,45999
MX2J3ZE/A,"14-INCH MACBOOK PRO: APPLE M4 PRO CHIP WITH 14‑CORE CPU AND 20‑CORE GPU, 24GB, 1TB SSD - SPACE BLACK",ACTIVE,43911,55799
MX2K3ZE/A,"14-INCH MACBOOK PRO: APPLE M4 MAX CHIP WITH 14‑CORE CPU AND 32‑CORE GPU, 36GB, 1TB SSD - SPACE BLACK",ACTIVE,59020,74999
MX2G3ZE/A,"14-INCH MACBOOK PRO: APPLE M4 MAX CHIP WITH 14‑CORE CPU AND 32‑CORE GPU, 36GB, 1TB SSD - SILVER",ACTIVE,59020,74999
"MACBOOK PRO 16""",,,,
MX2T3ZE/A,"16-INCH MACBOOK PRO: APPLE M4 PRO CHIP WITH 14‑CORE CPU AND 20‑CORE GPU, 24GB, 512GB SSD - SILVER",ACTIVE,44400,57999
MX2U3ZE/A,"16-INCH MACBOOK PRO: APPLE M4 PRO CHIP WITH 14‑CORE CPU AND 20‑CORE GPU, 48GB, 512GB SSD - SILVER",ACTIVE,53118,67499
MX2X3ZE/A,"16-INCH MACBOOK PRO: APPLE M4 PRO CHIP WITH 14‑CORE CPU AND 20‑CORE GPU, 24GB, 512GB SSD - SPACE BLACK",ACTIVE,44400,57999
MX2Y3ZE/A,"16-INCH MACBOOK PRO: APPLE M4 PRO CHIP WITH 14‑CORE CPU AND 20‑CORE GPU, 48GB, 512GB SSD - SPACE BLACK",ACTIVE,53118,67499
MX2V3ZE/A,"16-INCH MACBOOK PRO: APPLE M4 MAX CHIP WITH 14‑CORE CPU AND 32‑CORE GPU, 36GB, 1TB SSD - SILVER",ACTIVE,64136,81499
MX303ZE/A,"16-INCH MACBOOK PRO: APPLE M4 MAX CHIP WITH 14‑CORE CPU AND 32‑CORE GPU, 36GB, 1TB SSD - SPACE BLACK",ACTIVE,64136,81499
MX313ZE/A,"16-INCH MACBOOK PRO: APPLE M4 MAX CHIP WITH 16‑CORE CPU AND 40‑CORE GPU, 48GB, 1TB SSD - SPACE BLACK",ACTIVE,73579,93499
MX2W3ZE/A,"16-INCH MACBOOK PRO: APPLE M4 MAX CHIP WITH 16‑CORE CPU AND 40‑CORE GPU, 48GB, 1TB SSD - SILVER",ACTIVE,73579,93499
MACBOOK AIR M4,,,,
MC6T4ZE/A,"13-INCH MACBOOK AIR: APPLE M4 CHIP WITH 10-CORE CPU AND 8-CORE GPU, 16GB, 256GB SSD - SKY BLUE",ACTIVE,17340,22999
MW0W3ZE/A,"13-INCH MACBOOK AIR: APPLE M4 CHIP WITH 10-CORE CPU AND 8-CORE GPU, 16GB, 256GB SSD - SILVER",ACTIVE,17340,22999
MW0Y3ZE/A,"13-INCH MACBOOK AIR: APPLE M4 CHIP WITH 10-CORE CPU AND 8-CORE GPU, 16GB, 256GB SSD - STARLIGHT",ACTIVE,17340,22999
MW123ZE/A,"13-INCH MACBOOK AIR: APPLE M4 CHIP WITH 10-CORE CPU AND 8-CORE GPU, 16GB, 256GB SSD - MIDNIGHT",ACTIVE,17340,22999
MC6U4ZE/A,"13-INCH MACBOOK AIR: APPLE M4 CHIP WITH 10-CORE CPU AND 10-CORE GPU, 16GB, 512GB SSD - SKY BLUE",ACTIVE,21797,27699
MW0X3ZE/A,"13-INCH MACBOOK AIR: APPLE M4 CHIP WITH 10-CORE CPU AND 10-CORE GPU, 16GB, 512GB SSD - SILVER",ACTIVE,21797,27699
MW103ZE/A,"13-INCH MACBOOK AIR: APPLE M4 CHIP WITH 10-CORE CPU AND 10-CORE GPU, 16GB, 512GB SSD - STARLIGHT",ACTIVE,21797,27699
MW133ZE/A,"13-INCH MACBOOK AIR: APPLE M4 CHIP WITH 10-CORE CPU AND 10-CORE GPU, 16GB, 512GB SSD - MIDNIGHT",ACTIVE,21797,27699
MC6V4ZE/A,"13-INCH MACBOOK AIR: APPLE M4 CHIP WITH 10-CORE CPU AND 10-CORE GPU, 24GB, 512GB SSD - SKY BLUE",ACTIVE,25575,32499
MC654ZE/A,"13-INCH MACBOOK AIR: APPLE M4 CHIP WITH 10-CORE CPU AND 10-CORE GPU, 24GB, 512GB SSD - SILVER",ACTIVE,25575,32499
MC6A4ZE/A,"13-INCH MACBOOK AIR: APPLE M4 CHIP WITH 10-CORE CPU AND 10-CORE GPU, 24GB, 512GB SSD - STARLIGHT",ACTIVE,25575,32499
MC6C4ZE/A,"13-INCH MACBOOK AIR: APPLE M4 CHIP WITH 10-CORE CPU AND 10-CORE GPU, 24GB, 512GB SSD - MIDNIGHT",ACTIVE,25575,32499
MC7A4ZE/A,"15-INCH MACBOOK AIR: APPLE M4 CHIP WITH 10-CORE CPU AND 10-CORE GPU, 16GB, 256GB SSD - SKY BLUE",ACTIVE,21797,27699
MW1G3ZE/A,"15-INCH MACBOOK AIR: APPLE M4 CHIP WITH 10-CORE CPU AND 10-CORE GPU, 16GB, 256GB SSD - SILVER",ACTIVE,21797,27699
MW1J3ZE/A,"15-INCH MACBOOK AIR: APPLE M4 CHIP WITH 10-CORE CPU AND 10-CORE GPU, 16GB, 256GB SSD - STARLIGHT",ACTIVE,21797,27699
MW1L3ZE/A,"15-INCH MACBOOK AIR: APPLE M4 CHIP WITH 10-CORE CPU AND 10-CORE GPU, 16GB, 256GB SSD - MIDNIGHT",ACTIVE,21797,27699
MC7C4ZE/A,"15-INCH MACBOOK AIR: APPLE M4 CHIP WITH 10-CORE CPU AND 10-CORE GPU, 16GB, 512GB SSD - SKY BLUE",ACTIVE,25575,32499
MW1H3ZE/A,"15-INCH MACBOOK AIR: APPLE M4 CHIP WITH 10-CORE CPU AND 10-CORE GPU, 16GB, 512GB SSD - SILVER",ACTIVE,25575,32499
MW1K3ZE/A,"15-INCH MACBOOK AIR: APPLE M4 CHIP WITH 10-CORE CPU AND 10-CORE GPU, 16GB, 512GB SSD - STARLIGHT",ACTIVE,25575,32499
MW1M3ZE/A,"15-INCH MACBOOK AIR: APPLE M4 CHIP WITH 10-CORE CPU AND 10-CORE GPU, 16GB, 512GB SSD - MIDNIGHT",ACTIVE,25575,32499
MC7D4ZE/A,"15-INCH MACBOOK AIR: APPLE M4 CHIP WITH 10-CORE CPU AND 10-CORE GPU, 24GB, 512GB SSD - SKY BLUE",ACTIVE,29116,36999
MC6J4ZE/A,"15-INCH MACBOOK AIR: APPLE M4 CHIP WITH 10-CORE CPU AND 10-CORE GPU, 24GB, 512GB SSD - SILVER",ACTIVE,29116,36999
MC6K4ZE/A,"15-INCH MACBOOK AIR: APPLE M4 CHIP WITH 10-CORE CPU AND 10-CORE GPU, 24GB, 512GB SSD - STARLIGHT",ACTIVE,29116,36999
MC6L4ZE/A,"15-INCH MACBOOK AIR: APPLE M4 CHIP WITH 10-CORE CPU AND 10-CORE GPU, 24GB, 512GB SSD - MIDNIGHT",ACTIVE,29116,36999
2 - iPad,,,,
IPAD 10,,,,
MQ6W3HC/A,10.9-INCH IPAD WI-FI + CELLULAR 256GB - PINK,WHILE STOCKS LAST,9703,11999
IPAD AIR M2,,,,
MUWE3QA/A,11-INCH IPAD AIR WI-FI 128GB - STARLIGHT,WHILE STOCKS LAST,9703,11999
MUWL3QA/A,11-INCH IPAD AIR WI-FI 512GB - SPACE GREY,WHILE STOCKS LAST,15364,18999
MUWM3QA/A,11-INCH IPAD AIR WI-FI 512GB - BLUE,WHILE STOCKS LAST,15364,18999
MUWN3QA/A,11-INCH IPAD AIR WI-FI 512GB - STARLIGHT,WHILE STOCKS LAST,15364,18999
MUWQ3QA/A,11-INCH IPAD AIR WI-FI 1TB - SPACE GREY,WHILE STOCKS LAST,18599,22999
MUWR3QA/A,11-INCH IPAD AIR WI-FI 1TB - BLUE,WHILE STOCKS LAST,18599,22999
MUXD3QA/A,11-INCH IPAD AIR WI-FI + CELLULAR 128GB - SPACE GREY,WHILE STOCKS LAST,12129,14999
MUXN3QA/A,11-INCH IPAD AIR WI-FI + CELLULAR 512GB - BLUE,WHILE STOCKS LAST,16173,19999
MUXU3QA/A,11-INCH IPAD AIR WI-FI + CELLULAR 1TB - STARLIGHT,WHILE STOCKS LAST,20216,24999
MV283QA/A,13-INCH IPAD AIR WI-FI 128GB - BLUE,WHILE STOCKS LAST,12938,15999
MV2L3QA/A,13-INCH IPAD AIR WI-FI 512GB - STARLIGHT,WHILE STOCKS LAST,17790,21999
MV2Q3QA/A,13-INCH IPAD AIR WI-FI 1TB - BLUE,WHILE STOCKS LAST,21833,26999
MV2R3QA/A,13-INCH IPAD AIR WI-FI 1TB - STARLIGHT,WHILE STOCKS LAST,21833,26999
MV6Q3QA/A,13-INCH IPAD AIR WI-FI + CELLULAR 128GB - SPACE GREY,WHILE STOCKS LAST,16173,19999
MV6T3QA/A,13-INCH IPAD AIR WI-FI + CELLULAR 128GB - STARLIGHT,WHILE STOCKS LAST,16173,19999
MV743QA/A,13-INCH IPAD AIR WI-FI + CELLULAR 1TB - SPACE GREY,WHILE STOCKS LAST,24260,29999
MV753QA/A,13-INCH IPAD AIR WI-FI + CELLULAR 1TB - BLUE,WHILE STOCKS LAST,24260,29999
MV763QA/A,13-INCH IPAD AIR WI-FI + CELLULAR 1TB - STARLIGHT,WHILE STOCKS LAST,24260,29999
IPAD MINI 6,,,,
MK7M3HC/A,IPAD MINI WI-FI 64GB - SPACE GREY,WHILE STOCKS LAST,7277,8999
IPAD MINI 7,,,,
MXN63QA/A,IPAD MINI WI-FI 128GB - SPACE GREY,ACTIVE,9460,11699
MXN73QA/A,IPAD MINI WI-FI 128GB - BLUE,ACTIVE,9460,11699
MXN83QA/A,IPAD MINI WI-FI 128GB - STARLIGHT,ACTIVE,9460,11699
MXN93QA/A,IPAD MINI WI-FI 128GB - PURPLE,ACTIVE,9460,11699
MXNA3QA/A,IPAD MINI WI-FI 256GB - SPACE GREY,ACTIVE,11320,13999
MXNC3QA/A,IPAD MINI WI-FI 256GB - BLUE,ACTIVE,11320,13999
MXND3QA/A,IPAD MINI WI-FI 256GB - STARLIGHT,ACTIVE,11320,13999
MXNE3QA/A,IPAD MINI WI-FI 256GB - PURPLE,ACTIVE,11320,13999
MXPN3QA/A,IPAD MINI WI-FI + CELLULAR 128GB - SPACE GREY,ACTIVE,12210,15099
MXPP3QA/A,IPAD MINI WI-FI + CELLULAR 128GB - BLUE,ACTIVE,12210,15099
MXPQ3QA/A,IPAD MINI WI-FI + CELLULAR 128GB - STARLIGHT,ACTIVE,12210,15099
MXPR3QA/A,IPAD MINI WI-FI + CELLULAR 128GB - PURPLE,ACTIVE,12210,15099
MXPT3QA/A,IPAD MINI WI-FI + CELLULAR 256GB - SPACE GREY,ACTIVE,14151,17499
MXPW3QA/A,IPAD MINI WI-FI + CELLULAR 256GB - BLUE,ACTIVE,14151,17499
MXPX3QA/A,IPAD MINI WI-FI + CELLULAR 256GB - STARLIGHT,ACTIVE,14151,17499
MXPY3QA/A,IPAD MINI WI-FI + CELLULAR 256GB - PURPLE,ACTIVE,14151,17499
MYGY3QA/A,IPAD MINI WI-FI 512GB - SPACE GREY,ACTIVE,15040,18599
MYH13QA/A,IPAD MINI WI-FI 512GB - BLUE,ACTIVE,15040,18599
MYH23QA/A,IPAD MINI WI-FI 512GB - STARLIGHT,ACTIVE,15040,18599
MYH33QA/A,IPAD MINI WI-FI 512GB - PURPLE,ACTIVE,15040,18599
MYHC3QA/A,IPAD MINI WI-FI + CELLULAR 512GB - SPACE GREY,ACTIVE,17871,22099
MYHD3QA/A,IPAD MINI WI-FI + CELLULAR 512GB - BLUE,ACTIVE,17871,22099
MYHE3QA/A,IPAD MINI WI-FI + CELLULAR 512GB - STARLIGHT,ACTIVE,17871,22099
MYHF3QA/A,IPAD MINI WI-FI + CELLULAR 512GB - PURPLE,ACTIVE,17871,22099
"IPAD PRO 11"" M2",,,,
MNXH3HC/A,11-INCH IPAD PRO WI-FI 512GB - SPACE GREY,WHILE STOCKS LAST,20216,24999
"IPAD PRO 11"" M4",,,,
MVV83QA/A,11-INCH IPAD PRO WIFI 256GB WITH STANDARD GLASS - SPACE BLACK,ACTIVE,19246,23799
MVV93QA/A,11-INCH IPAD PRO WIFI 256GB WITH STANDARD GLASS - SILVER,ACTIVE,19246,23799
MVVC3QA/A,11-INCH IPAD PRO WIFI 512GB WITH STANDARD GLASS - SPACE BLACK,ACTIVE,23127,28599
MVVD3QA/A,11-INCH IPAD PRO WIFI 512GB WITH STANDARD GLASS - SILVER,ACTIVE,23127,28599
MVVE3QA/A,11-INCH IPAD PRO WIFI 1TB WITH STANDARD GLASS - SPACE BLACK,ACTIVE,30729,37999
MVVF3QA/A,11-INCH IPAD PRO WIFI 1TB WITH STANDARD GLASS - SILVER,ACTIVE,30729,37999
MVVG3QA/A,11-INCH IPAD PRO WIFI 2TB WITH STANDARD GLASS - SPACE BLACK,ACTIVE,38493,47599
MVVH3QA/A,11-INCH IPAD PRO WIFI 2TB WITH STANDARD GLASS - SILVER,ACTIVE,38493,47599
MVW13QA/A,11-INCH IPAD PRO WIFI + CELLULAR 256GB WITH STANDARD GLASS - SPACE BLACK,ACTIVE,23127,28599
MVW23QA/A,11-INCH IPAD PRO WIFI + CELLULAR 256GB WITH STANDARD GLASS - SILVER,ACTIVE,23127,28599
MVW33QA/A,11-INCH IPAD PRO WIFI + CELLULAR 512GB WITH STANDARD GLASS - SPACE BLACK,ACTIVE,26928,33299
MVW43QA/A,11-INCH IPAD PRO WIFI + CELLULAR 512GB WITH STANDARD GLASS - SILVER,ACTIVE,26928,33299
MVW53QA/A,11-INCH IPAD PRO WIFI + CELLULAR 1TB WITH STANDARD GLASS - SPACE BLACK,ACTIVE,34773,42999
MVW63QA/A,11-INCH IPAD PRO WIFI + CELLULAR 1TB WITH STANDARD GLASS - SILVER,ACTIVE,34773,42999
MVW73QA/A,11-INCH IPAD PRO WIFI + CELLULAR 2TB WITH STANDARD GLASS - SPACE BLACK,ACTIVE,42374,52399
MVW83QA/A,11-INCH IPAD PRO WIFI + CELLULAR 2TB WITH STANDARD GLASS - SILVER,ACTIVE,42374,52399
MWR63QA/A,11-INCH IPAD PRO WIFI 1TB WITH NANO-TEXTURE GLASS - SPACE BLACK,ACTIVE,32751,40499
MWR73QA/A,11-INCH IPAD PRO WIFI 1TB WITH NANO-TEXTURE GLASS - SILVER,ACTIVE,32751,40499
MWR83QA/A,11-INCH IPAD PRO WIFI 2TB WITH NANO-TEXTURE GLASS - SPACE BLACK,ACTIVE,40433,49999
MWR93QA/A,11-INCH IPAD PRO WIFI 2TB WITH NANO-TEXTURE GLASS - SILVER,ACTIVE,40433,49999
MWRP3QA/A,11-INCH IPAD PRO WIFI + CELLULAR 1TB WITH NANO-TEXTURE GLASS - SPACE BLACK,ACTIVE,36552,45199
MWRQ3QA/A,11-INCH IPAD PRO WIFI + CELLULAR 1TB WITH NANO-TEXTURE GLASS - SILVER,ACTIVE,36552,45199
MWRR3QA/A,11-INCH IPAD PRO WIFI + CELLULAR 2TB WITH NANO-TEXTURE GLASS - SPACE BLACK,ACTIVE,44315,54799
MWRT3QA/A,11-INCH IPAD PRO WIFI + CELLULAR 2TB WITH NANO-TEXTURE GLASS - SILVER,ACTIVE,44315,54799
"IPAD PRO 13"" M4",,,,
MVX23QA/A,13-INCH IPAD PRO WIFI 256GB WITH STANDARD GLASS - SPACE BLACK,ACTIVE,25068,30999
MVX33QA/A,13-INCH IPAD PRO WIFI 256GB WITH STANDARD GLASS - SILVER,ACTIVE,25068,30999
MVX43QA/A,13-INCH IPAD PRO WIFI 512GB WITH STANDARD GLASS - SPACE BLACK,ACTIVE,28869,35699
MVX53QA/A,13-INCH IPAD PRO WIFI 512GB WITH STANDARD GLASS - SILVER,ACTIVE,28869,35699
MVX63QA/A,13-INCH IPAD PRO WIFI 1TB WITH STANDARD GLASS - SPACE BLACK,ACTIVE,36633,45299
MVX73QA/A,13-INCH IPAD PRO WIFI 1TB WITH STANDARD GLASS - SILVER,ACTIVE,36633,45299
MVX83QA/A,13-INCH IPAD PRO WIFI 2TB WITH STANDARD GLASS - SPACE BLACK,ACTIVE,44315,54799
MVX93QA/A,13-INCH IPAD PRO WIFI 2TB WITH STANDARD GLASS - SILVER,ACTIVE,44315,54799
MVXR3QA/A,13-INCH IPAD PRO WIFI + CELLULAR 256GB WITH STANDARD GLASS - SPACE BLACK,ACTIVE,28869,35699
MVXT3QA/A,13-INCH IPAD PRO WIFI + CELLULAR 256GB WITH STANDARD GLASS - SILVER,ACTIVE,28869,35699
MVXU3QA/A,13-INCH IPAD PRO WIFI + CELLULAR 512GB WITH STANDARD GLASS - SPACE BLACK,ACTIVE,32751,40499
MVXV3QA/A,13-INCH IPAD PRO WIFI + CELLULAR 512GB WITH STANDARD GLASS - SILVER,ACTIVE,32751,40499
MVXW3QA/A,13-INCH IPAD PRO WIFI + CELLULAR 1TB WITH STANDARD GLASS - SPACE BLACK,ACTIVE,40433,49999
MVXX3QA/A,13-INCH IPAD PRO WIFI + CELLULAR 1TB WITH STANDARD GLASS - SILVER,ACTIVE,40433,49999
MVXY3QA/A,13-INCH IPAD PRO WIFI + CELLULAR 2TB WITH STANDARD GLASS - SPACE BLACK,ACTIVE,48116,59499
MVY03QA/A,13-INCH IPAD PRO WIFI + CELLULAR 2TB WITH STANDARD GLASS - SILVER,ACTIVE,48116,59499
MWRF3QA/A,13-INCH IPAD PRO WIFI 1TB WITH NANO-TEXTURE GLASS - SPACE BLACK,ACTIVE,37603,46499
MWRG3QA/A,13-INCH IPAD PRO WIFI 1TB WITH NANO-TEXTURE GLASS - SILVER,ACTIVE,37603,46499
MWRH3QA/A,13-INCH IPAD PRO WIFI 2TB WITH NANO-TEXTURE GLASS - SPACE BLACK,ACTIVE,45286,55999
MWRJ3QA/A,13-INCH IPAD PRO WIFI 2TB WITH NANO-TEXTURE GLASS - SILVER,ACTIVE,45286,55999
MWRY3QA/A,13-INCH IPAD PRO WIFI + CELLULAR 1TB WITH NANO-TEXTURE GLASS - SPACE BLACK,ACTIVE,41404,51199
MWT03QA/A,13-INCH IPAD PRO WIFI + CELLULAR 1TB WITH NANO-TEXTURE GLASS - SILVER,ACTIVE,41404,51199
MWT13QA/A,13-INCH IPAD PRO WIFI + CELLULAR 2TB WITH NANO-TEXTURE GLASS - SPACE BLACK,ACTIVE,48925,60499
MWT23QA/A,13-INCH IPAD PRO WIFI + CELLULAR 2TB WITH NANO-TEXTURE GLASS - SILVER,ACTIVE,48925,60499
IPAD A16,,,,
MD3Y4QA/A,11-INCH IPAD WI-FI 128GB - SILVER,ACTIVE,6468,7999
MD4A4QA/A,11-INCH IPAD WI-FI 128GB - BLUE,ACTIVE,6468,7999
MD4D4QA/A,11-INCH IPAD WI-FI 128GB - YELLOW,ACTIVE,6468,7999
MD4E4QA/A,11-INCH IPAD WI-FI 128GB - PINK,ACTIVE,6468,7999
MD4G4QA/A,11-INCH IPAD WI-FI 256GB - SILVER,ACTIVE,8409,10399
MD4H4QA/A,11-INCH IPAD WI-FI 256GB - BLUE,ACTIVE,8409,10399
MD4J4QA/A,11-INCH IPAD WI-FI 256GB - YELLOW,ACTIVE,8409,10399
MD4P4QA/A,11-INCH IPAD WI-FI 256GB - PINK,ACTIVE,8409,10399
MD4Q4QA/A,11-INCH IPAD WI-FI 512GB - SILVER,ACTIVE,12129,14999
MD4Y4QA/A,11-INCH IPAD WI-FI 512GB - BLUE,ACTIVE,12129,14999
MD5A4QA/A,11-INCH IPAD WI-FI 512GB - YELLOW,ACTIVE,12129,14999
MD5C4QA/A,11-INCH IPAD WI-FI 512GB - PINK,ACTIVE,12129,14999
MD7F4QA/A,11-INCH IPAD WI-FI + CELLULAR 128GB - SILVER,ACTIVE,9299,11499
MD7G4QA/A,11-INCH IPAD WI-FI + CELLULAR 128GB - BLUE,ACTIVE,9299,11499
MD7H4QA/A,11-INCH IPAD WI-FI + CELLULAR 128GB - YELLOW,ACTIVE,9299,11499
MD7J4QA/A,11-INCH IPAD WI-FI + CELLULAR 128GB - PINK,ACTIVE,9299,11499
MD7K4QA/A,11-INCH IPAD WI-FI + CELLULAR 256GB - SILVER,ACTIVE,11159,13799
MD7L4QA/A,11-INCH IPAD WI-FI + CELLULAR 256GB - BLUE,ACTIVE,11159,13799
MD7M4QA/A,11-INCH IPAD WI-FI + CELLULAR 256GB - YELLOW,ACTIVE,11159,13799
MD7N4QA/A,11-INCH IPAD WI-FI + CELLULAR 256GB - PINK,ACTIVE,11159,13799
MD7P4QA/A,11-INCH IPAD WI-FI + CELLULAR 512GB - SILVER,ACTIVE,14960,18499
MD7Q4QA/A,11-INCH IPAD WI-FI + CELLULAR 512GB - BLUE,ACTIVE,14960,18499
MD7R4QA/A,11-INCH IPAD WI-FI + CELLULAR 512GB - YELLOW,ACTIVE,14960,18499
MD7T4QA/A,11-INCH IPAD WI-FI + CELLULAR 512GB - PINK,ACTIVE,14960,18499
IPAD AIR M3,,,,
MC9W4QA/A,11-INCH IPAD AIR WI-FI 128GB - SPACE GREY,ACTIVE,11159,13799
MC9X4QA/A,11-INCH IPAD AIR WI-FI 128GB - BLUE,ACTIVE,11159,13799
MC9Y4QA/A,11-INCH IPAD AIR WI-FI 128GB - STARLIGHT,ACTIVE,11159,13799
MCA04QA/A,11-INCH IPAD AIR WI-FI 128GB - PURPLE,ACTIVE,11159,13799
MCA14QA/A,11-INCH IPAD AIR WI-FI 256GB - SPACE GREY,ACTIVE,13019,16099
MCA34QA/A,11-INCH IPAD AIR WI-FI 256GB - BLUE,ACTIVE,13019,16099
MCA44QA/A,11-INCH IPAD AIR WI-FI 256GB - STARLIGHT,ACTIVE,13019,16099
MCA64QA/A,11-INCH IPAD AIR WI-FI 256GB - PURPLE,ACTIVE,13019,16099
MCA74QA/A,11-INCH IPAD AIR WI-FI 512GB - SPACE GREY,ACTIVE,16820,20799
MCA94QA/A,11-INCH IPAD AIR WI-FI 512GB - BLUE,ACTIVE,16820,20799
MCAA4QA/A,11-INCH IPAD AIR WI-FI 512GB - STARLIGHT,ACTIVE,16820,20799
MCAE4QA/A,11-INCH IPAD AIR WI-FI 512GB - PURPLE,ACTIVE,16820,20799
MCAH4QA/A,11-INCH IPAD AIR WI-FI 1TB - SPACE GREY,ACTIVE,20620,25499
MCAJ4QA/A,11-INCH IPAD AIR WI-FI 1TB - BLUE,ACTIVE,20620,25499
MCAQ4QA/A,11-INCH IPAD AIR WI-FI 1TB - STARLIGHT,ACTIVE,20620,25499
MCAU4QA/A,11-INCH IPAD AIR WI-FI 1TB - PURPLE,ACTIVE,20620,25499
MCFV4QA/A,11-INCH IPAD AIR WI-FI + CELLULAR 128GB - SPACE GREY,ACTIVE,13989,17299
MCFW4QA/A,11-INCH IPAD AIR WI-FI + CELLULAR 128GB - BLUE,ACTIVE,13989,17299
MCFX4QA/A,11-INCH IPAD AIR WI-FI + CELLULAR 128GB - STARLIGHT,ACTIVE,13989,17299
MCFY4QA/A,11-INCH IPAD AIR WI-FI + CELLULAR 128GB - PURPLE,ACTIVE,13989,17299
MCG04QA/A,11-INCH IPAD AIR WI-FI + CELLULAR 256GB - SPACE GREY,ACTIVE,15849,19599
MCG14QA/A,11-INCH IPAD AIR WI-FI + CELLULAR 256GB - BLUE,ACTIVE,15849,19599
MCG24QA/A,11-INCH IPAD AIR WI-FI + CELLULAR 256GB - STARLIGHT,ACTIVE,15849,19599
MCG34QA/A,11-INCH IPAD AIR WI-FI + CELLULAR 256GB - PURPLE,ACTIVE,15849,19599
MCG44QA/A,11-INCH IPAD AIR WI-FI + CELLULAR 512GB - SPACE GREY,ACTIVE,19569,24199
MCG54QA/A,11-INCH IPAD AIR WI-FI + CELLULAR 512GB - BLUE,ACTIVE,19569,24199
MCG64QA/A,11-INCH IPAD AIR WI-FI + CELLULAR 512GB - STARLIGHT,ACTIVE,19569,24199
MCG74QA/A,11-INCH IPAD AIR WI-FI + CELLULAR 512GB - PURPLE,ACTIVE,19569,24199
MCG84QA/A,11-INCH IPAD AIR WI-FI + CELLULAR 1TB - SPACE GREY,ACTIVE,23451,28999
MCG94QA/A,11-INCH IPAD AIR WI-FI + CELLULAR 1TB - BLUE,ACTIVE,23451,28999
MCGA4QA/A,11-INCH IPAD AIR WI-FI + CELLULAR 1TB - STARLIGHT,ACTIVE,23451,28999
MCGC4QA/A,11-INCH IPAD AIR WI-FI + CELLULAR 1TB - PURPLE,ACTIVE,23451,28999
MCJ14QA/A,13-INCH IPAD AIR WI-FI + CELLULAR 128GB - SPACE GREY,ACTIVE,17790,21999
MCJ24QA/A,13-INCH IPAD AIR WI-FI + CELLULAR 128GB - BLUE,ACTIVE,17790,21999
MCJ34QA/A,13-INCH IPAD AIR WI-FI + CELLULAR 128GB - STARLIGHT,ACTIVE,17790,21999
MCJ44QA/A,13-INCH IPAD AIR WI-FI + CELLULAR 128GB - PURPLE,ACTIVE,17790,21999
MCJ54QA/A,13-INCH IPAD AIR WI-FI + CELLULAR 256GB - SPACE GREY,ACTIVE,19650,24299
MCJ64QA/A,13-INCH IPAD AIR WI-FI + CELLULAR 256GB - BLUE,ACTIVE,19650,24299
MCJ74QA/A,13-INCH IPAD AIR WI-FI + CELLULAR 256GB - STARLIGHT,ACTIVE,19650,24299
MCJ84QA/A,13-INCH IPAD AIR WI-FI + CELLULAR 256GB - PURPLE,ACTIVE,19650,24299
MCJ94QA/A,13-INCH IPAD AIR WI-FI + CELLULAR 512GB - SPACE GREY,ACTIVE,23451,28999
MCJA4QA/A,13-INCH IPAD AIR WI-FI + CELLULAR 512GB - BLUE,ACTIVE,23451,28999
MCJC4QA/A,13-INCH IPAD AIR WI-FI + CELLULAR 512GB - STARLIGHT,ACTIVE,23451,28999
MCJD4QA/A,13-INCH IPAD AIR WI-FI + CELLULAR 512GB - PURPLE,ACTIVE,23451,28999
MCJE4QA/A,13-INCH IPAD AIR WI-FI + CELLULAR 1TB - SPACE GREY,ACTIVE,27090,33499
MCJF4QA/A,13-INCH IPAD AIR WI-FI + CELLULAR 1TB - BLUE,ACTIVE,27090,33499
MCJG4QA/A,13-INCH IPAD AIR WI-FI + CELLULAR 1TB - STARLIGHT,ACTIVE,27090,33499
MCJH4QA/A,13-INCH IPAD AIR WI-FI + CELLULAR 1TB - PURPLE,ACTIVE,27090,33499
MCNH4QA/A,13-INCH IPAD AIR WI-FI 128GB - SPACE GREY,ACTIVE,14960,18499
MCNJ4QA/A,13-INCH IPAD AIR WI-FI 128GB - BLUE,ACTIVE,14960,18499
MCNK4QA/A,13-INCH IPAD AIR WI-FI 128GB - STARLIGHT,ACTIVE,14960,18499
MCNL4QA/A,13-INCH IPAD AIR WI-FI 128GB - PURPLE,ACTIVE,14960,18499
MCNN4QA/A,13-INCH IPAD AIR WI-FI 256GB - SPACE GREY,ACTIVE,16820,20799
MCNP4QA/A,13-INCH IPAD AIR WI-FI 256GB - BLUE,ACTIVE,16820,20799
MCNQ4QA/A,13-INCH IPAD AIR WI-FI 256GB - STARLIGHT,ACTIVE,16820,20799
MCNR4QA/A,13-INCH IPAD AIR WI-FI 256GB - PURPLE,ACTIVE,16820,20799
MCNT4QA/A,13-INCH IPAD AIR WI-FI 512GB - SPACE GREY,ACTIVE,20540,25399
MCNW4QA/A,13-INCH IPAD AIR WI-FI 512GB - BLUE,ACTIVE,20540,25399
MCNX4QA/A,13-INCH IPAD AIR WI-FI 512GB - STARLIGHT,ACTIVE,20540,25399
MCNY4QA/A,13-INCH IPAD AIR WI-FI 512GB - PURPLE,ACTIVE,20540,25399
MCQ04QA/A,13-INCH IPAD AIR WI-FI 1TB - SPACE GREY,ACTIVE,24260,29999
MCQ14QA/A,13-INCH IPAD AIR WI-FI 1TB - BLUE,ACTIVE,24260,29999
MCQ24QA/A,13-INCH IPAD AIR WI-FI 1TB - STARLIGHT,ACTIVE,24260,29999
MCQ34QA/A,13-INCH IPAD AIR WI-FI 1TB - PURPLE,ACTIVE,24260,29999
3 - iPhone,,,,
IPHONE 13,,,,
MLPF3AA/A,IPHONE 13 128GB MIDNIGHT,ACTIVE,9133,10999
MLPG3AA/A,IPHONE 13 128GB STARLIGHT,ACTIVE,9133,10999
IPHONE 14,,,,
MPUF3HX/A,IPHONE 14 128GB MIDNIGHT,ACTIVE,10794,12999
MPUR3HX/A,IPHONE 14 128GB STARLIGHT,ACTIVE,10794,12999
MPVN3HX/A,IPHONE 14 128GB BLUE,ACTIVE,10794,12999
MPVX3HX/A,IPHONE 14 256GB MIDNIGHT,ACTIVE,13867,16699
MPW43HX/A,IPHONE 14 256GB STARLIGHT,ACTIVE,13867,16699
MPWP3HX/A,IPHONE 14 256GB BLUE,ACTIVE,13867,16699
IPHONE 15,,,,
MTP03HX/A,IPHONE 15 128GB BLACK,ACTIVE,13701,16499
MTP13HX/A,IPHONE 15 128GB PINK,ACTIVE,13701,16499
MTP23HX/A,IPHONE 15 128GB YELLOW,ACTIVE,13701,16499
MTP43HX/A,IPHONE 15 128GB BLUE,ACTIVE,13701,16499
MTP53HX/A,IPHONE 15 128GB GREEN,ACTIVE,13701,16499
MTP63HX/A,IPHONE 15 256GB BLACK,ACTIVE,16192,19499
MTP73HX/A,IPHONE 15 256GB PINK,ACTIVE,16192,19499
MTP93HX/A,IPHONE 15 256GB BLUE,ACTIVE,16192,19499
MTPA3HX/A,IPHONE 15 256GB GREEN,ACTIVE,16192,19499
MTPC3HX/A,IPHONE 15 512GB BLACK,ACTIVE,21009,25299
MTPD3HX/A,IPHONE 15 512GB PINK,ACTIVE,21009,25299
IPHONE 15 PLUS,,,,
MU0Y3HX/A,IPHONE 15 PLUS 128GB BLACK,ACTIVE,16192,19499
MU103HX/A,IPHONE 15 PLUS 128GB PINK,ACTIVE,16192,19499
MU163HX/A,IPHONE 15 PLUS 128GB BLUE,ACTIVE,16192,19499
MU173HX/A,IPHONE 15 PLUS 128GB GREEN,ACTIVE,16192,19499
MU183HX/A,IPHONE 15 PLUS 256GB BLACK,ACTIVE,18683,22499
MU193HX/A,IPHONE 15 PLUS 256GB PINK,ACTIVE,18683,22499
MU1F3HX/A,IPHONE 15 PLUS 256GB BLUE,ACTIVE,18683,22499
MU1G3HX/A,IPHONE 15 PLUS 256GB GREEN,ACTIVE,18683,22499
MU1H3HX/A,IPHONE 15 PLUS 512GB BLACK,ACTIVE,23251,27999
MU1M3HX/A,IPHONE 15 PLUS 512GB YELLOW,ACTIVE,23251,27999
MU1Q3HX/A,IPHONE 15 PLUS 512GB GREEN,ACTIVE,23251,27999
IPHONE 16,,,,
MYE73QN/A,IPHONE 16 128GB BLACK,ACTIVE,15777,18999
MYE93QN/A,IPHONE 16 128GB WHITE,ACTIVE,15777,18999
MYEA3QN/A,IPHONE 16 128GB PINK,ACTIVE,15777,18999
MYEC3QN/A,IPHONE 16 128GB ULTRAMARINE,ACTIVE,15777,18999
MYED3QN/A,IPHONE 16 128GB TEAL,ACTIVE,15777,18999
MYEE3QN/A,IPHONE 16 256GB BLACK,ACTIVE,18600,22399
MYEF3QN/A,IPHONE 16 256GB WHITE,ACTIVE,18600,22399
MYEG3QN/A,IPHONE 16 256GB PINK,ACTIVE,18600,22399
MYEH3QN/A,IPHONE 16 256GB ULTRAMARINE,ACTIVE,18600,22399
MYEJ3QN/A,IPHONE 16 256GB TEAL,ACTIVE,18600,22399
MYEK3QN/A,IPHONE 16 512GB BLACK,ACTIVE,23251,27999
MYEP3QN/A,IPHONE 16 512GB WHITE,ACTIVE,23251,27999
MYEQ3QN/A,IPHONE 16 512GB PINK,ACTIVE,23251,27999
MYER3QN/A,IPHONE 16 512GB ULTRAMARINE,ACTIVE,23251,27999
MYEU3QN/A,IPHONE 16 512GB TEAL,ACTIVE,23251,27999
IPHONE 16 PLUS,,,,
MXVU3QN/A,IPHONE 16 PLUS 128GB BLACK,ACTIVE,18600,22399
MXVV3QN/A,IPHONE 16 PLUS 128GB WHITE,ACTIVE,18600,22399
MXVW3QN/A,IPHONE 16 PLUS 128GB PINK,ACTIVE,18600,22399
MXVX3QN/A,IPHONE 16 PLUS 128GB ULTRAMARINE,ACTIVE,18600,22399
MXVY3QN/A,IPHONE 16 PLUS 128GB TEAL,ACTIVE,18600,22399
MXWN3QN/A,IPHONE 16 PLUS 256GB BLACK,ACTIVE,20926,25199
MXWV3QN/A,IPHONE 16 PLUS 256GB WHITE,ACTIVE,20926,25199
MXY13QN/A,IPHONE 16 PLUS 256GB PINK,ACTIVE,20926,25199
MXY23QN/A,IPHONE 16 PLUS 256GB ULTRAMARINE,ACTIVE,20926,25199
MXY53QN/A,IPHONE 16 PLUS 256GB TEAL,ACTIVE,20926,25199
MY1P3QN/A,IPHONE 16 PLUS 512GB BLACK,ACTIVE,25742,30999
MY1X3QN/A,IPHONE 16 PLUS 512GB WHITE,ACTIVE,25742,30999
MY253QN/A,IPHONE 16 PLUS 512GB PINK,ACTIVE,25742,30999
MY2D3QN/A,IPHONE 16 PLUS 512GB ULTRAMARINE,ACTIVE,25742,30999
MY2J3QN/A,IPHONE 16 PLUS 512GB TEAL,ACTIVE,25742,30999
IPHONE 16 PRO,,,,
MYND3QN/A,IPHONE 16 PRO 128GB BLACK TITANIUM,ACTIVE,20760,24999
MYNE3QN/A,IPHONE 16 PRO 128GB WHITE TITANIUM,ACTIVE,20760,24999
MYNF3QN/A,IPHONE 16 PRO 128GB DESERT TITANIUM,ACTIVE,20760,24999
MYNG3QN/A,IPHONE 16 PRO 128GB NATURAL TITANIUM,ACTIVE,20760,24999
MYNH3QN/A,IPHONE 16 PRO 256GB BLACK TITANIUM,ACTIVE,23251,27999
MYNJ3QN/A,IPHONE 16 PRO 256GB WHITE TITANIUM,ACTIVE,23251,27999
MYNK3QN/A,IPHONE 16 PRO 256GB DESERT TITANIUM,ACTIVE,23251,27999
MYNL3QN/A,IPHONE 16 PRO 256GB NATURAL TITANIUM,ACTIVE,23251,27999
MYNM3QN/A,IPHONE 16 PRO 512GB BLACK TITANIUM,ACTIVE,28067,33799
MYNN3QN/A,IPHONE 16 PRO 512GB WHITE TITANIUM,ACTIVE,28067,33799
MYNP3QN/A,IPHONE 16 PRO 512GB DESERT TITANIUM,ACTIVE,28067,33799
MYNQ3QN/A,IPHONE 16 PRO 512GB NATURAL TITANIUM,ACTIVE,28067,33799
MYNR3QN/A,IPHONE 16 PRO 1TB BLACK TITANIUM,ACTIVE,32801,39499
MYNT3QN/A,IPHONE 16 PRO 1TB WHITE TITANIUM,ACTIVE,32801,39499
MYNW3QN/A,IPHONE 16 PRO 1TB DESERT TITANIUM,ACTIVE,32801,39499
MYNX3QN/A,IPHONE 16 PRO 1TB NATURAL TITANIUM,ACTIVE,32801,39499
IPHONE 16 PRO MAX,,,,
MYWV3QN/A,IPHONE 16 PRO MAX 256GB BLACK TITANIUM,ACTIVE,25327,30499
MYWW3QN/A,IPHONE 16 PRO MAX 256GB WHITE TITANIUM,ACTIVE,25327,30499
MYWX3QN/A,IPHONE 16 PRO MAX 256GB DESERT TITANIUM,ACTIVE,25327,30499
MYWY3QN/A,IPHONE 16 PRO MAX 256GB NATURAL TITANIUM,ACTIVE,25327,30499
MYX03QN/A,IPHONE 16 PRO MAX 512GB BLACK TITANIUM,ACTIVE,29894,35999
MYX13QN/A,IPHONE 16 PRO MAX 512GB WHITE TITANIUM,ACTIVE,29894,35999
MYX23QN/A,IPHONE 16 PRO MAX 512GB DESERT TITANIUM,ACTIVE,29894,35999
MYX33QN/A,IPHONE 16 PRO MAX 512GB NATURAL TITANIUM,Active,27154,32699
MYX43QN/A,IPHONE 16 PRO MAX 1TB BLACK TITANIUM,ACTIVE,34462,41499
MYX53QN/A,IPHONE 16 PRO MAX 1TB WHITE TITANIUM,ACTIVE,34462,41499
MYX63QN/A,IPHONE 16 PRO MAX 1TB DESERT TITANIUM,ACTIVE,34462,41499
MYX73QN/A,IPHONE 16 PRO MAX 1TB NATURAL TITANIUM,ACTIVE,34462,41499
IPHONE 16E,,,,
MD1Q4AF/A,IPHONE 16E 128GB BLACK,ACTIVE,13286,15999
MD1R4AF/A,IPHONE 16E 128GB WHITE,ACTIVE,13286,15999
MD1T4AF/A,IPHONE 16E 256GB BLACK,ACTIVE,16192,19499
MD1W4AF/A,IPHONE 16E 256GB WHITE,ACTIVE,16192,19499
MD1X4AF/A,IPHONE 16E 512GB BLACK,ACTIVE,20760,24999
MD274AF/A,IPHONE 16E 512GB WHITE,ACTIVE,20760,24999
4 - Watch,,,,
WATCH SE,,,,
MXE73QA/A,APPLE WATCH SE GPS 40MM MIDNIGHT ALUMINIUM CASE WITH MIDNIGHT SPORT BAND - S/M,ACTIVE,5396,6499
MXE93QA/A,APPLE WATCH SE GPS 40MM MIDNIGHT ALUMINIUM CASE WITH MIDNIGHT SPORT BAND - M/L,ACTIVE,5396,6499
MXEA3QA/A,APPLE WATCH SE GPS 40MM MIDNIGHT ALUMINIUM CASE WITH INK SPORT LOOP,Active,4981,5999
MXEC3QA/A,APPLE WATCH SE GPS 40MM SILVER ALUMINIUM CASE WITH DENIM SPORT BAND - S/M,Active,4981,5999
MXED3QA/A,APPLE WATCH SE GPS 40MM SILVER ALUMINIUM CASE WITH DENIM SPORT BAND - M/L,ACTIVE,5396,6499
MXEE3QA/A,APPLE WATCH SE GPS 40MM SILVER ALUMINIUM CASE WITH BLUE CLOUD SPORT LOOP,ACTIVE,5396,6499
MXEF3QA/A,APPLE WATCH SE GPS 40MM STARLIGHT ALUMINIUM CASE WITH STARLIGHT SPORT BAND - S/M,ACTIVE,5396,6499
MXEG3QA/A,APPLE WATCH SE GPS 40MM STARLIGHT ALUMINIUM CASE WITH STARLIGHT SPORT BAND - M/L,ACTIVE,5396,6499
MXEH3QA/A,APPLE WATCH SE GPS 40MM STARLIGHT ALUMINIUM CASE WITH LAKE GREEN SPORT LOOP,Active,4981,5999
MXEJ3QA/A,APPLE WATCH SE GPS 44MM MIDNIGHT ALUMINIUM CASE WITH MIDNIGHT SPORT BAND - S/M,ACTIVE,6019,7249
MXEK3QA/A,APPLE WATCH SE GPS 44MM MIDNIGHT ALUMINIUM CASE WITH MIDNIGHT SPORT BAND - M/L,ACTIVE,6019,7249
MXEP3QA/A,APPLE WATCH SE GPS 44MM MIDNIGHT ALUMINIUM CASE WITH INK SPORT LOOP,Active,5230,6299
MXEQ3QA/A,APPLE WATCH SE GPS 44MM SILVER ALUMINIUM CASE WITH DENIM SPORT BAND - S/M,ACTIVE,6019,7249
MXER3QA/A,APPLE WATCH SE GPS 44MM SILVER ALUMINIUM CASE WITH DENIM SPORT BAND - M/L,ACTIVE,6019,7249
MXET3QA/A,APPLE WATCH SE GPS 44MM SILVER ALUMINIUM CASE WITH BLUE CLOUD SPORT LOOP,ACTIVE,6019,7249
MXEU3QA/A,APPLE WATCH SE GPS 44MM STARLIGHT ALUMINIUM CASE WITH STARLIGHT SPORT BAND - S/M,ACTIVE,6019,7249
MXEV3QA/A,APPLE WATCH SE GPS 44MM STARLIGHT ALUMINIUM CASE WITH STARLIGHT SPORT BAND - M/L,ACTIVE,6019,7249
MXEW3QA/A,APPLE WATCH SE GPS 44MM STARLIGHT ALUMINIUM CASE WITH LAKE GREEN SPORT LOOP,ACTIVE,6019,7249
MXGA3QA/A,APPLE WATCH SE GPS + CELLULAR 40MM MIDNIGHT ALUMINIUM CASE WITH INK SPORT LOOP,ACTIVE,6476,7799
MXGC3QA/A,APPLE WATCH SE GPS + CELLULAR 40MM MIDNIGHT ALUMINIUM CASE WITH MIDNIGHT SPORT BAND - S/M,ACTIVE,6476,7799
MXGD3QA/A,APPLE WATCH SE GPS + CELLULAR 40MM MIDNIGHT ALUMINIUM CASE WITH MIDNIGHT SPORT BAND - M/L,ACTIVE,6476,7799
MXGE3QA/A,APPLE WATCH SE GPS + CELLULAR 40MM SILVER ALUMINIUM CASE WITH BLUE CLOUD SPORT LOOP,ACTIVE,6476,7799
MXGF3QA/A,APPLE WATCH SE GPS + CELLULAR 40MM SILVER ALUMINIUM CASE WITH DENIM SPORT BAND - S/M,ACTIVE,6476,7799
MXGG3QA/A,APPLE WATCH SE GPS + CELLULAR 40MM SILVER ALUMINIUM CASE WITH DENIM SPORT BAND - M/L,ACTIVE,6476,7799
MXGH3QA/A,APPLE WATCH SE GPS + CELLULAR 40MM STARLIGHT ALUMINIUM CASE WITH LAKE GREEN SPORT LOOP,ACTIVE,6476,7799
MXGJ3QA/A,APPLE WATCH SE GPS + CELLULAR 40MM STARLIGHT ALUMINIUM CASE WITH STARLIGHT SPORT BAND - S/M,ACTIVE,6476,7799
MXGK3QA/A,APPLE WATCH SE GPS + CELLULAR 40MM STARLIGHT ALUMINIUM CASE WITH STARLIGHT SPORT BAND - M/L,ACTIVE,6476,7799
MXGL3QA/A,APPLE WATCH SE GPS + CELLULAR 44MM MIDNIGHT ALUMINIUM CASE WITH MIDNIGHT SPORT BAND - S/M,ACTIVE,7099,8549
MXGM3QA/A,APPLE WATCH SE GPS + CELLULAR 44MM MIDNIGHT ALUMINIUM CASE WITH MIDNIGHT SPORT BAND - M/L,ACTIVE,7099,8549
MXGN3QA/A,APPLE WATCH SE GPS + CELLULAR 44MM MIDNIGHT ALUMINIUM CASE WITH INK SPORT LOOP,ACTIVE,7099,8549
MXGP3QA/A,APPLE WATCH SE GPS + CELLULAR 44MM SILVER ALUMINIUM CASE WITH DENIM SPORT BAND - S/M,ACTIVE,7099,8549
MXGQ3QA/A,APPLE WATCH SE GPS + CELLULAR 44MM SILVER ALUMINIUM CASE WITH DENIM SPORT BAND - M/L,ACTIVE,7099,8549
MXGR3QA/A,APPLE WATCH SE GPS + CELLULAR 44MM SILVER ALUMINIUM CASE WITH BLUE CLOUD SPORT LOOP,ACTIVE,7099,8549
MXGT3QA/A,APPLE WATCH SE GPS + CELLULAR 44MM STARLIGHT ALUMINIUM CASE WITH STARLIGHT SPORT BAND - S/M,ACTIVE,7099,8549
MXGU3QA/A,APPLE WATCH SE GPS + CELLULAR 44MM STARLIGHT ALUMINIUM CASE WITH STARLIGHT SPORT BAND - M/L,ACTIVE,7099,8549
MXGV3QA/A,APPLE WATCH SE GPS + CELLULAR 44MM STARLIGHT ALUMINIUM CASE WITH LAKE GREEN SPORT LOOP,ACTIVE,7099,8549
WATCH SERIES 10,,,,
MC7Q4QA/A,APPLE WATCH SERIES 10 GPS + CELLULAR 46MM NATURAL TITANIUM CASE WITH NATURAL MILANESE LOOP - S/M,ACTIVE,17272,20799
MC7R4QA/A,APPLE WATCH SERIES 10 GPS + CELLULAR 46MM SLATE TITANIUM CASE WITH SLATE MILANESE LOOP - S/M,ACTIVE,17272,20799
MC7T4QA/A,APPLE WATCH SERIES 10 GPS + CELLULAR 46MM GOLD TITANIUM CASE WITH GOLD MILANESE LOOP - S/M,ACTIVE,17272,20799
MWWA3QA/A,APPLE WATCH SERIES 10 GPS 42MM SILVER ALUMINIUM CASE WITH DENIM SPORT BAND - S/M,ACTIVE,8594,10349
MWWC3QA/A,APPLE WATCH SERIES 10 GPS 42MM SILVER ALUMINIUM CASE WITH DENIM SPORT BAND - M/L,ACTIVE,8594,10349
MWWD3QA/A,APPLE WATCH SERIES 10 GPS 42MM SILVER ALUMINIUM CASE WITH BLUE CLOUD SPORT LOOP,ACTIVE,8594,10349
MWWE3QA/A,APPLE WATCH SERIES 10 GPS 42MM JET BLACK ALUMINIUM CASE WITH BLACK SPORT BAND - S/M,ACTIVE,8594,10349
MWWF3QA/A,APPLE WATCH SERIES 10 GPS 42MM JET BLACK ALUMINIUM CASE WITH BLACK SPORT BAND - M/L,ACTIVE,8594,10349
MWWG3QA/A,APPLE WATCH SERIES 10 GPS 42MM JET BLACK ALUMINIUM CASE WITH INK SPORT LOOP,ACTIVE,8594,10349
MWWH3QA/A,APPLE WATCH SERIES 10 GPS 42MM ROSE GOLD ALUMINIUM CASE WITH LIGHT BLUSH SPORT BAND - S/M,ACTIVE,8594,10349
MWWJ3QA/A,APPLE WATCH SERIES 10 GPS 42MM ROSE GOLD ALUMINIUM CASE WITH LIGHT BLUSH SPORT BAND - M/L,ACTIVE,8594,10349
MWWK3QA/A,APPLE WATCH SERIES 10 GPS 42MM ROSE GOLD ALUMINIUM CASE WITH PLUM SPORT LOOP,ACTIVE,8594,10349
MWWL3QA/A,APPLE WATCH SERIES 10 GPS 46MM SILVER ALUMINIUM CASE WITH DENIM SPORT BAND - S/M,ACTIVE,9133,10999
MWWM3QA/A,APPLE WATCH SERIES 10 GPS 46MM SILVER ALUMINIUM CASE WITH DENIM SPORT BAND - M/L,ACTIVE,9133,10999
MWWN3QA/A,APPLE WATCH SERIES 10 GPS 46MM SILVER ALUMINIUM CASE WITH BLUE CLOUD SPORT LOOP,ACTIVE,9133,10999
MWWP3QA/A,APPLE WATCH SERIES 10 GPS 46MM JET BLACK ALUMINIUM CASE WITH BLACK SPORT BAND - S/M,ACTIVE,9133,10999
MWWQ3QA/A,APPLE WATCH SERIES 10 GPS 46MM JET BLACK ALUMINIUM CASE WITH BLACK SPORT BAND - M/L,ACTIVE,9133,10999
MWWR3QA/A,APPLE WATCH SERIES 10 GPS 46MM JET BLACK ALUMINIUM CASE WITH INK SPORT LOOP,ACTIVE,9133,10999
MWWT3QA/A,APPLE WATCH SERIES 10 GPS 46MM ROSE GOLD ALUMINIUM CASE WITH LIGHT BLUSH SPORT BAND - S/M,ACTIVE,9133,10999
MWWU3QA/A,APPLE WATCH SERIES 10 GPS 46MM ROSE GOLD ALUMINIUM CASE WITH LIGHT BLUSH SPORT BAND - M/L,ACTIVE,9133,10999
MWWV3QA/A,APPLE WATCH SERIES 10 GPS 46MM ROSE GOLD ALUMINIUM CASE WITH PLUM SPORT LOOP,ACTIVE,9133,10999
MWX33QA/A,APPLE WATCH SERIES 10 GPS + CELLULAR 42MM SILVER ALUMINIUM CASE WITH DENIM SPORT BAND - S/M,ACTIVE,10794,12999
MWX43QA/A,APPLE WATCH SERIES 10 GPS + CELLULAR 42MM SILVER ALUMINIUM CASE WITH DENIM SPORT BAND - M/L,ACTIVE,10794,12999
MWX53QA/A,APPLE WATCH SERIES 10 GPS + CELLULAR 42MM SILVER ALUMINIUM CASE WITH BLUE CLOUD SPORT LOOP,ACTIVE,10794,12999
MWX63QA/A,APPLE WATCH SERIES 10 GPS + CELLULAR 42MM JET BLACK ALUMINIUM CASE WITH BLACK SPORT BAND - S/M,ACTIVE,10794,12999
MWX73QA/A,APPLE WATCH SERIES 10 GPS + CELLULAR 42MM JET BLACK ALUMINIUM CASE WITH BLACK SPORT BAND - M/L,ACTIVE,10794,12999
MWX83QA/A,APPLE WATCH SERIES 10 GPS + CELLULAR 42MM JET BLACK ALUMINIUM CASE WITH INK SPORT LOOP,ACTIVE,10794,12999
MWX93QA/A,APPLE WATCH SERIES 10 GPS + CELLULAR 42MM ROSE GOLD ALUMINIUM CASE WITH LIGHT BLUSH SPORT BAND - S/M,ACTIVE,10794,12999
MWXA3QA/A,APPLE WATCH SERIES 10 GPS + CELLULAR 42MM ROSE GOLD ALUMINIUM CASE WITH LIGHT BLUSH SPORT BAND - M/L,ACTIVE,10794,12999
MWXC3QA/A,APPLE WATCH SERIES 10 GPS + CELLULAR 42MM ROSE GOLD ALUMINIUM CASE WITH PLUM SPORT LOOP,ACTIVE,10794,12999
MWXD3QA/A,APPLE WATCH SERIES 10 GPS + CELLULAR 42MM NATURAL TITANIUM CASE WITH STONE GREY SPORT BAND - S/M,ACTIVE,15113,18199
MWXE3QA/A,APPLE WATCH SERIES 10 GPS + CELLULAR 42MM NATURAL TITANIUM CASE WITH STONE GREY SPORT BAND - M/L,ACTIVE,15113,18199
MWXF3QA/A,APPLE WATCH SERIES 10 GPS + CELLULAR 42MM NATURAL TITANIUM CASE WITH NATURAL MILANESE LOOP,ACTIVE,16192,19499
MWXG3QA/A,APPLE WATCH SERIES 10 GPS + CELLULAR 42MM SLATE TITANIUM CASE WITH BLACK SPORT BAND - S/M,ACTIVE,15113,18199
MWXH3QA/A,APPLE WATCH SERIES 10 GPS + CELLULAR 42MM SLATE TITANIUM CASE WITH BLACK SPORT BAND - M/L,ACTIVE,15113,18199
MWY03QA/A,APPLE WATCH SERIES 10 GPS + CELLULAR 46MM SILVER ALUMINIUM CASE WITH DENIM SPORT BAND - S/M,ACTIVE,11417,13749
MWY13QA/A,APPLE WATCH SERIES 10 GPS + CELLULAR 46MM SILVER ALUMINIUM CASE WITH DENIM SPORT BAND - M/L,ACTIVE,11417,13749
MWY23QA/A,APPLE WATCH SERIES 10 GPS + CELLULAR 46MM SILVER ALUMINIUM CASE WITH BLUE CLOUD SPORT LOOP,ACTIVE,11417,13749
MWY33QA/A,APPLE WATCH SERIES 10 GPS + CELLULAR 46MM JET BLACK ALUMINIUM CASE WITH BLACK SPORT BAND - S/M,ACTIVE,11417,13749
MWY43QA/A,APPLE WATCH SERIES 10 GPS + CELLULAR 46MM JET BLACK ALUMINIUM CASE WITH BLACK SPORT BAND - M/L,ACTIVE,11417,13749
MWY53QA/A,APPLE WATCH SERIES 10 GPS + CELLULAR 46MM JET BLACK ALUMINIUM CASE WITH INK SPORT LOOP,ACTIVE,11417,13749
MWY63QA/A,APPLE WATCH SERIES 10 GPS + CELLULAR 46MM ROSE GOLD ALUMINIUM CASE WITH LIGHT BLUSH SPORT BAND - S/M,ACTIVE,11417,13749
MWY73QA/A,APPLE WATCH SERIES 10 GPS + CELLULAR 46MM ROSE GOLD ALUMINIUM CASE WITH LIGHT BLUSH SPORT BAND - M/L,ACTIVE,11417,13749
MWY83QA/A,APPLE WATCH SERIES 10 GPS + CELLULAR 46MM ROSE GOLD ALUMINIUM CASE WITH PLUM SPORT LOOP,ACTIVE,11417,13749
MWY93QA/A,APPLE WATCH SERIES 10 GPS + CELLULAR 46MM NATURAL TITANIUM CASE WITH STONE GREY SPORT BAND - S/M,ACTIVE,16192,19499
MWYA3QA/A,APPLE WATCH SERIES 10 GPS + CELLULAR 46MM NATURAL TITANIUM CASE WITH STONE GREY SPORT BAND - M/L,ACTIVE,16192,19499
MWYC3QA/A,APPLE WATCH SERIES 10 GPS + CELLULAR 46MM NATURAL TITANIUM CASE WITH NATURAL MILANESE LOOP - M/L,ACTIVE,17272,20799
MWYD3QA/A,APPLE WATCH SERIES 10 GPS + CELLULAR 46MM SLATE TITANIUM CASE WITH BLACK SPORT BAND - S/M,ACTIVE,16192,19499
MWYE3QA/A,APPLE WATCH SERIES 10 GPS + CELLULAR 46MM SLATE TITANIUM CASE WITH BLACK SPORT BAND - M/L,ACTIVE,16192,19499
MWYW3QA/A,APPLE WATCH SERIES 10 GPS + CELLULAR 46MM SLATE TITANIUM CASE WITH SLATE MILANESE LOOP - M/L,ACTIVE,17272,20799
MWYX3QA/A,APPLE WATCH SERIES 10 GPS + CELLULAR 46MM GOLD TITANIUM CASE WITH STARLIGHT SPORT BAND - S/M,ACTIVE,16192,19499
MWYY3QA/A,APPLE WATCH SERIES 10 GPS + CELLULAR 46MM GOLD TITANIUM CASE WITH STARLIGHT SPORT BAND - M/L,ACTIVE,16192,19499
MX003QA/A,APPLE WATCH SERIES 10 GPS + CELLULAR 46MM GOLD TITANIUM CASE WITH GOLD MILANESE LOOP - M/L,ACTIVE,17272,20799
MX053QA/A,APPLE WATCH SERIES 10 GPS + CELLULAR 42MM SLATE TITANIUM CASE WITH SLATE MILANESE LOOP,ACTIVE,16192,19499
MX063QA/A,APPLE WATCH SERIES 10 GPS + CELLULAR 42MM GOLD TITANIUM CASE WITH STARLIGHT SPORT BAND - S/M,ACTIVE,15113,18199
MX073QA/A,APPLE WATCH SERIES 10 GPS + CELLULAR 42MM GOLD TITANIUM CASE WITH STARLIGHT SPORT BAND - M/L,ACTIVE,15113,18199
MX083QA/A,APPLE WATCH SERIES 10 GPS + CELLULAR 42MM GOLD TITANIUM CASE WITH GOLD MILANESE LOOP,ACTIVE,16192,19499
WATCH ULTRA 2,,,,
MX4D3QA/A,APPLE WATCH ULTRA 2 GPS + CELLULAR 49MM NATURAL TITANIUM CASE WITH NAVY OCEAN BAND,ACTIVE,17230,20749
MX4E3QA/A,APPLE WATCH ULTRA 2 GPS + CELLULAR 49MM NATURAL TITANIUM CASE WITH TAN ALPINE LOOP - SMALL,ACTIVE,17230,20749
MX4F3QA/A,APPLE WATCH ULTRA 2 GPS + CELLULAR 49MM NATURAL TITANIUM CASE WITH TAN ALPINE LOOP - MEDIUM,ACTIVE,17230,20749
MX4H3QA/A,APPLE WATCH ULTRA 2 GPS + CELLULAR 49MM NATURAL TITANIUM CASE WITH TAN ALPINE LOOP - LARGE,ACTIVE,17230,20749
MX4J3QA/A,APPLE WATCH ULTRA 2 GPS + CELLULAR 49MM NATURAL TITANIUM CASE WITH BLUE TRAIL LOOP - S/M,ACTIVE,17230,20749
MX4L3QA/A,APPLE WATCH ULTRA 2 GPS + CELLULAR 49MM NATURAL TITANIUM CASE WITH BLUE TRAIL LOOP - M/L,ACTIVE,17230,20749
MX4M3QA/A,APPLE WATCH ULTRA 2 GPS + CELLULAR 49MM NATURAL TITANIUM CASE WITH NATURAL TITANIUM MILANESE LOOP - S,ACTIVE,19431,23399
MX4P3QA/A,APPLE WATCH ULTRA 2 GPS + CELLULAR 49MM BLACK TITANIUM CASE WITH BLACK OCEAN BAND,ACTIVE,17230,20749
MX4Q3QA/A,APPLE WATCH ULTRA 2 GPS + CELLULAR 49MM BLACK TITANIUM CASE WITH DARK GREEN ALPINE LOOP - SMALL,ACTIVE,17230,20749
MX4R3QA/A,APPLE WATCH ULTRA 2 GPS + CELLULAR 49MM BLACK TITANIUM CASE WITH DARK GREEN ALPINE LOOP - MEDIUM,ACTIVE,17230,20749
MX4T3QA/A,APPLE WATCH ULTRA 2 GPS + CELLULAR 49MM BLACK TITANIUM CASE WITH DARK GREEN ALPINE LOOP - LARGE,ACTIVE,17230,20749
MX4U3QA/A,APPLE WATCH ULTRA 2 GPS + CELLULAR 49MM BLACK TITANIUM CASE WITH BLACK TRAIL LOOP - S/M,ACTIVE,17230,20749
MX4V3QA/A,APPLE WATCH ULTRA 2 GPS + CELLULAR 49MM BLACK TITANIUM CASE WITH BLACK TRAIL LOOP - M/L,ACTIVE,17230,20749
MX4W3QA/A,APPLE WATCH ULTRA 2 GPS + CELLULAR 49MM BLACK TITANIUM CASE WITH BLACK TITANIUM MILANESE LOOP - S,ACTIVE,19431,23399
MX5R3QA/A,APPLE WATCH ULTRA 2 GPS + CELLULAR 49MM NATURAL TITANIUM CASE WITH NATURAL TITANIUM MILANESE LOOP - M,ACTIVE,19431,23399
MX5T3QA/A,APPLE WATCH ULTRA 2 GPS + CELLULAR 49MM NATURAL TITANIUM CASE WITH NATURAL TITANIUM MILANESE LOOP - L,ACTIVE,19431,23399
MX5U3QA/A,APPLE WATCH ULTRA 2 GPS + CELLULAR 49MM BLACK TITANIUM CASE WITH BLACK TITANIUM MILANESE LOOP - M,ACTIVE,19431,23399
MX5V3QA/A,APPLE WATCH ULTRA 2 GPS + CELLULAR 49MM BLACK TITANIUM CASE WITH BLACK TITANIUM MILANESE LOOP - L,ACTIVE,19431,23399
5 - Apple TV,,,,
APPLE TV,,,,
MN873Z/A,APPLE TV 4K WI‑FI WITH 64GB STORAGE,ACTIVE,2477,3089
MN893Z/A,APPLE TV 4K WI‑FI + ETHERNET WITH 128GB STORAGE,ACTIVE,2861,3569
6 - Airpods,,,,
AIRPODS,,,,
MXP63ZE/A,AIRPODS 4,ACTIVE,2380,2999
MXP93ZE/A,AIRPODS 4 WITH ACTIVE NOISE CANCELLATION,ACTIVE,3334,4199
AIRPODS MAX,,,,
MWW43ZE/A,AIRPODS MAX - MIDNIGHT,ACTIVE,10157,12799
MWW53ZE/A,AIRPODS MAX - STARLIGHT,ACTIVE,10157,12799
MWW63ZE/A,AIRPODS MAX - BLUE,ACTIVE,10157,12799
MWW73ZE/A,AIRPODS MAX - ORANGE,ACTIVE,10157,12799
MWW83ZE/A,AIRPODS MAX - PURPLE,ACTIVE,10157,12799
AIRPODS PRO,,,,
MTJV3ZE/A,AIRPODS PRO (2ND GENERATION) WITH MAGSAFE CASE (USB‑C),ACTIVE,4602,5799
Homepod,,,,
HOMEPOD,,,,
MQJ73SO/A,HOMEPOD - MIDNIGHT,ACTIVE,6412,7929
MQJ83SO/A,HOMEPOD - WHITE,ACTIVE,6412,7929
HOMEPOD MINI,,,,
MJ2C3SO/A,HOMEPOD MINI - BLUE,ACTIVE,2117,2619
MJ2D3SO/A,HOMEPOD MINI - ORANGE,ACTIVE,2117,2619
MJ2E3SO/A,HOMEPOD MINI - YELLOW,ACTIVE,2117,2619
MTJT3SO/A,HOMEPOD MINI - MIDNIGHT,ACTIVE,2117,2619
MY5H2SO/A,HOMEPOD MINI - WHITE,ACTIVE,2117,2619
Accessories,,,,
AIRTAG,,,,
MX532ZE/A,AIRTAG (1 PACK),ACTIVE,538,759
MX542ZE/A,AIRTAG (4 PACK),ACTIVE,1872,2639
AIRTAG ACCESSORIES,,,,
MA7G4ZM/A,AIRTAG FINEWOVEN KEY RING - BLACK,ACTIVE,805,1099
MA7H4ZM/A,AIRTAG FINEWOVEN KEY RING - DEEP BLUE,ACTIVE,805,1099
MA7J4ZM/A,AIRTAG FINEWOVEN KEY RING - DARK GREEN,ACTIVE,805,1099
MA7K4ZM/A,AIRTAG FINEWOVEN KEY RING - BLACKBERRY,ACTIVE,805,1099
MA7L4ZM/A,AIRTAG FINEWOVEN KEY RING - CHARTREUSE,ACTIVE,805,1099
APPLE TV,,,,
MW5G3ZE/A,SIRI REMOTE,ACTIVE,1041,1419
CABLES AND ADAPTORS,,,,
MD504ZM/A,MAGSAFE TO MAGSAFE 2 CONVERTER,ACTIVE,194,259
MD837ZM/A,APPLE WORLD TRAVEL ADAPTER KIT,ACTIVE,506,689
MUQ93ZM/A,USB-C TO LIGHTNING CABLE (1M),ACTIVE,378,529
MUQW3ZM/A,LIGHTNING TO USB CABLE (1M),ACTIVE,378,529
MUQX3ZM/A,USB-C TO LIGHTNING ADAPTER,ACTIVE,564,789
MW2G3ZM/A,30W USB-C POWER ADAPTER,ACTIVE,811,1079
MW2K3ZM/A,35W DUAL USB-C POWER ADAPTER,ACTIVE,1233,1639
MW2P3ZM/A,LIGHTNING TO DIGITAL AV ADAPTER,ACTIVE,965,1349
MW2Q3ZM/A,USB-C TO 3.5 MM HEADPHONE JACK ADAPTER,ACTIVE,170,239
MW2R3ZM/A,USB-C TO LIGHTNING CABLE (2 M),ACTIVE,564,789
MW493ZM/A,60W USB-C CHARGE CABLE (1M),ACTIVE,378,529
MW5H3ZM/A,THUNDERBOLT 4 (USB‑C) PRO CABLE (3 M),ACTIVE,3325,4419
MW5J3ZM/A,THUNDERBOLT 4 (USB‑C) PRO CABLE (1.8 M),ACTIVE,2685,3569
MW5L3ZM/A,USB-C TO USB ADAPTER,ACTIVE,389,519
MW5M3ZM/A,USB-C DIGITAL AV MULTIPORT ADAPTER,ACTIVE,1428,1899
MW653ZM/A,USB-C TO SD CARD READER,ACTIVE,811,1079
MX5J3ZM/A,LIGHTNING TO USB 3 CAMERA ADAPTER,ACTIVE,771,1079
MXN53ZM/A,70W USB-C POWER ADAPTER,ACTIVE,1233,1639
MYH93ZM/A,THUNDERBOLT 3 (USB-C) TO THUNDERBOLT 2 ADAPTER,ACTIVE,1015,1349
MYQT3ZM/A,240W USB-C CHARGE CABLE (2 M),ACTIVE,564,789
MC9C4ZM/A,THUNDERBOLT 5 (USB‑C) PRO CABLE (1 M),ACTIVE,1428,1899
MW2N3SO/A,POWER ADAPTER EXTENSION CABLE,ACTIVE,389,519
MW613ZM/A,USB-C TO MAGSAFE 3 CABLE (2M) - SILVER,ACTIVE,1015,1349
MYH83Z/A,APPLE 85W MAGSAFE 2 POWER ADAPTER (FOR MACBOOK PRO WITH RETINA DISPLAY),ACTIVE,1646,2189
MDV84ZM/A,USB-C TO 3.5 MM AUDIO CABLE (1.2 M),ACTIVE,771,1079
POWER,,,,
MC461Z/A,"APPLE MAGSAFE POWER ADAPTER - 60W (MACBOOK AND 13"" MACBOOK PRO)",ACTIVE,1403,1909
MW2L3ZM/A,96W USB-C POWER ADAPTER,ACTIVE,1403,1909
MW2M3ZM/A,140W USB-C POWER ADAPTER,ACTIVE,1755,2389
MX6X3ZE/A,MAGSAFE CHARGER (1 M),ACTIVE,771,1079
MX6Y3ZE/A,MAGSAFE CHARGER (2 M),ACTIVE,965,1349
MD3J4ZM/A,20W USB-C POWER ADAPTER,ACTIVE,317,459
MICE AND KEYBOARDS,,,,
MQDP3Z/A,MAGIC KEYBOARD FOLIO FOR IPAD (10TH GENERATION) - INTERNATIONAL ENGLISH,ACTIVE,4887,5969
MWR03Z/A,MAGIC KEYBOARD FOR IPAD PRO 11‑INCH (M4) - INTERNATIONAL ENGLISH - WHITE,ACTIVE,5886,7189
MWR23Z/A,MAGIC KEYBOARD FOR IPAD PRO 11‑INCH (M4) - INTERNATIONAL ENGLISH - BLACK,ACTIVE,5886,7189
MWR43Z/A,MAGIC KEYBOARD FOR IPAD PRO 13‑INCH (M4) - INTERNATIONAL ENGLISH - WHITE,ACTIVE,6861,8379
MWR53Z/A,MAGIC KEYBOARD FOR IPAD PRO 13‑INCH (M4) - INTERNATIONAL ENGLISH - BLACK,ACTIVE,6861,8379
MX3L2Z/A,SMART KEYBOARD FOR IPAD (7TH GENERATION) AND IPAD AIR (3RD GENERATION) - INTERNATIONAL ENGLISH,ACTIVE,3126,3819
MXNK2Z/A,SMART KEYBOARD FOLIO FOR 11-INCH IPAD PRO (2ND GENERATION) - INTERNATIONAL ENGLISH,ACTIVE,3519,4299
MXNL2Z/A,SMART KEYBOARD FOLIO FOR 12.9-INCH IPAD PRO (4TH GENERATION) - INTERNATIONAL ENGLISH,ACTIVE,3913,4779
MXCK3Z/A,MAGIC KEYBOARD WITH TOUCH ID FOR MAC MODELS WITH APPLE SILICON - INTERNATIONAL ENGLISH,ACTIVE,2637,3589
MXCL3Z/A,MAGIC KEYBOARD - INTERNATIONAL ENGLISH,ACTIVE,1755,2389
MXK53Z/A,MAGIC MOUSE - WHITE MULTI-TOUCH SURFACE,ACTIVE,1403,1909
MXK63Z/A,MAGIC MOUSE - BLACK MULTI-TOUCH SURFACE,ACTIVE,1755,2389
MXK73Z/A,MAGIC KEYBOARD WITH TOUCH ID AND NUMERIC KEYPAD FOR MAC MODELS WITH APPLE SILICON - INTERNATIONAL ENGLISH - WHITE KEYS,ACTIVE,3173,4319
MXK83Z/A,MAGIC KEYBOARD WITH TOUCH ID AND NUMERIC KEYPAD FOR MAC MODELS WITH APPLE SILICON - INTERNATIONAL ENGLISH - BLACK KEYS,ACTIVE,3534,4809
MXK93ZM/A,MAGIC TRACKPAD - WHITE MULTI-TOUCH SURFACE,ACTIVE,2276,3099
MXKA3ZM/A,MAGIC TRACKPAD - BLACK MULTI-TOUCH SURFACE,ACTIVE,2637,3589
MXCJ3Z/A,MAGIC KEYBOARD WITH NUMERIC KEYPAD - INTERNATIONAL ENGLISH - SILVER,ACTIVE,2276,3099
MDFV4Z/A,MAGIC KEYBOARD FOR IPAD AIR 11-INCH (M3) - INTERNATIONAL ENGLISH - WHITE,ACTIVE,5280,6449
MDFW4Z/A,MAGIC KEYBOARD FOR IPAD AIR 13-INCH (M3) - INTERNATIONAL ENGLISH - WHITE,ACTIVE,6279,7669
GENERAL ACCESSORIES,,,,
MD564ZM/A,APPLE USB SUPERDRIVE,ACTIVE,1403,1909
MW693ZM/A,POLISHING CLOTH,ACTIVE,415,549
IPHONE EARPODS,,,,
MWTY3ZM/A,EARPODS (LIGHTNING CONNECTOR),ACTIVE,317,459
MWU53ZM/A,EARPODS (3.5MM HEADPHONE PLUG),ACTIVE,317,459
MYQY3ZM/A,EARPODS (USB-C),ACTIVE,317,459
IPAD ACCESSORIES,,,,
MUWA3ZM/A,APPLE PENCIL (USB-C),ACTIVE,1554,1899
MWML3ZM/A,USB-C TO APPLE PENCIL ADAPTER,ACTIVE,188,229
MX2D3ZM/A,APPLE PENCIL PRO,ACTIVE,2929,3549
MX763ZM/A,APPLE PENCIL TIPS - 4 PACK,ACTIVE,367,449
MXN43ZM/A,APPLE PENCIL (2ND GENERATION),ACTIVE,2529,3089
MYQW3ZM/A,APPLE PENCIL (1ST GENERATION),ACTIVE,1947,2379
CASES & COVERS - IPAD 9,,,,
MM6M3ZM/A,SMART COVER FOR IPAD (9TH GENERATION) - ENGLISH LAVENDER,ACTIVE,1017,1409
CASES & COVERS - IPAD AIR,,,,
MC2Q4ZM/A,SMART FOLIO FOR IPAD MINI (A17 PRO) - CHARCOAL GRAY,ACTIVE,1234,1709
MC2T4ZM/A,SMART FOLIO FOR IPAD MINI (A17 PRO) - LIGHT VIOLET,ACTIVE,1234,1709
MC2U4ZM/A,SMART FOLIO FOR IPAD MINI (A17 PRO) - DENIM,ACTIVE,1234,1709
MC2V4ZM/A,SMART FOLIO FOR IPAD MINI (A17 PRO) - SAGE,ACTIVE,1234,1709
MH0D3ZM/A,SMART FOLIO FOR IPAD AIR (4TH GENERATION) - BLACK,ACTIVE,1653,2289
MJM23ZM/A,SMART FOLIO FOR IPAD AIR (4TH GENERATION) - ELECTRIC ORANGE,ACTIVE,1653,2289
MNA43ZM/A,SMART FOLIO FOR IPAD AIR (5TH GENERATION) - DARK CHERRY,ACTIVE,1653,2289
MNA63ZM/A,SMART FOLIO FOR IPAD AIR (5TH GENERATION) - ENGLISH LAVENDER,ACTIVE,1653,2289
MNA73ZM/A,SMART FOLIO FOR IPAD AIR (5TH GENERATION) - MARINE BLUE,ACTIVE,1653,2289
MWK53ZM/A,SMART FOLIO FOR IPAD AIR 11-INCH (M2) - CHARCOAL GRAY,ACTIVE,1653,2289
MWK63ZM/A,SMART FOLIO FOR IPAD AIR 11-INCH (M2) - DENIM,ACTIVE,1653,2289
MWK73ZM/A,SMART FOLIO FOR IPAD AIR 11-INCH (M2) - SAGE,ACTIVE,1653,2289
MWK83ZM/A,SMART FOLIO FOR IPAD AIR 11-INCH (M2) - LIGHT VIOLET,ACTIVE,1653,2289
MWK93ZM/A,SMART FOLIO FOR IPAD AIR 13-INCH (M2) - CHARCOAL GRAY,ACTIVE,2072,2869
MWKA3ZM/A,SMART FOLIO FOR IPAD AIR 13-INCH (M2) - DENIM,ACTIVE,2072,2869
MWKC3ZM/A,SMART FOLIO FOR IPAD AIR 13-INCH (M2) - SAGE,ACTIVE,2072,2869
MWKD3ZM/A,SMART FOLIO FOR IPAD AIR 13-INCH (M2) - LIGHT VIOLET,ACTIVE,2072,2869
MX4U2ZM/A,SMART COVER FOR IPAD (7TH GENERATION) AND IPAD AIR (3RD GENERATION) - BLACK,ACTIVE,809,1169
MH0A3ZM/A,SMART FOLIO FOR IPAD AIR (5TH GENERATION) - WHITE,ACTIVE,1653,2289
CASES & COVERS - IPAD MINI,,,,
MM6G3ZM/A,SMART FOLIO FOR IPAD MINI (6TH GENERATION) - BLACK,ACTIVE,1234,1709
MM6H3ZM/A,SMART FOLIO FOR IPAD MINI (6TH GENERATION) - WHITE,ACTIVE,1234,1709
MM6J3ZM/A,SMART FOLIO FOR IPAD MINI (6TH GENERATION) - ELECTRIC ORANGE,ACTIVE,1234,1709
MM6K3ZM/A,SMART FOLIO FOR IPAD MINI (6TH GENERATION) - DARK CHERRY,ACTIVE,1234,1709
MM6L3ZM/A,SMART FOLIO FOR IPAD MINI (6TH GENERATION) - ENGLISH LAVENDER,ACTIVE,1234,1709
CASES & COVERS - IPAD PRO,,,,
MW973ZM/A,SMART FOLIO FOR IPAD PRO 11-INCH (M4) - WHITE,ACTIVE,1653,2289
MW983ZM/A,SMART FOLIO FOR IPAD PRO 11-INCH (M4) - BLACK,ACTIVE,1653,2289
MW993ZM/A,SMART FOLIO FOR IPAD PRO 11-INCH (M4) - DENIM,ACTIVE,1653,2289
MWK23ZM/A,SMART FOLIO FOR IPAD PRO 13-INCH (M4) - WHITE,ACTIVE,2072,2869
MWK33ZM/A,SMART FOLIO FOR IPAD PRO 13-INCH (M4) - BLACK,ACTIVE,2072,2869
MWK43ZM/A,SMART FOLIO FOR IPAD PRO 13-INCH (M4) - DENIM,ACTIVE,2072,2869
CASES & COVERS - IPHONE,,,,
MA6W4ZM/A,IPHONE FINEWOVEN WALLET WITH MAGSAFE - BLACK,ACTIVE,1355,1849
MA6X4ZM/A,IPHONE FINEWOVEN WALLET WITH MAGSAFE - DEEP BLUE,ACTIVE,1355,1849
MA6Y4ZM/A,IPHONE FINEWOVEN WALLET WITH MAGSAFE - DARK GREEN,ACTIVE,1355,1849
MA7A4ZM/A,IPHONE FINEWOVEN WALLET WITH MAGSAFE - BLACKBERRY,ACTIVE,1355,1849
IPHONE SE CASES & COVERS,,,,
MN6E3ZM/A,IPHONE SE SILICONE CASE - MIDNIGHT,ACTIVE,735,1019
MN6F3ZM/A,IPHONE SE SILICONE CASE - ABYSS BLUE,ACTIVE,735,1019
MN6G3ZM/A,IPHONE SE SILICONE CASE - CHALK PINK,ACTIVE,735,1019
MN6H3ZM/A,IPHONE SE SILICONE CASE - (PRODUCT)RED,ACTIVE,735,1019
CASES & COVERS - IPHONE 13,,,,
MC2Y4ZM/A,IPHONE 13 SILICONE CASE WITH MAGSAFE - ABYSS BLUE,ACTIVE,1017,1409
MC4A4ZM/A,IPHONE 13 SILICONE CASE WITH MAGSAFE - MIDNIGHT,ACTIVE,1017,1409
MC4E4ZM/A,IPHONE 13 SILICONE CASE WITH MAGSAFE - (PRODUCT)RED,ACTIVE,1017,1409
MC2W4ZM/A,IPHONE 13 CLEAR CASE WITH MAGSAFE,ACTIVE,1017,1409
CASES & COVERS - IPHONE 14,,,,
MW5Q3ZM/A,IPHONE 14 CLEAR CASE WITH MAGSAFE,ACTIVE,1017,1409
MW5R3ZM/A,IPHONE 14 SILICONE CASE WITH MAGSAFE - MIDNIGHT,ACTIVE,1017,1409
MW5T3ZM/A,IPHONE 14 SILICONE CASE WITH MAGSAFE - STORM BLUE,ACTIVE,1017,1409
MW5U3ZM/A,IPHONE 14 SILICONE CASE WITH MAGSAFE - (PRODUCT)RED,ACTIVE,1017,1409
MW5V3ZM/A,IPHONE 14 SILICONE CASE WITH MAGSAFE - CHALK PINK,ACTIVE,1017,1409
CASES & COVERS - IPHONE 14 PLUS,,,,
MW4T3ZM/A,IPHONE 14 PLUS CLEAR CASE WITH MAGSAFE,ACTIVE,1017,1409
MW4Y3ZM/A,IPHONE 14 PLUS SILICONE CASE WITH MAGSAFE - MIDNIGHT,ACTIVE,1017,1409
MW503ZM/A,IPHONE 14 PLUS SILICONE CASE WITH MAGSAFE - STORM BLUE,ACTIVE,1017,1409
MW513ZM/A,IPHONE 14 PLUS SILICONE CASE WITH MAGSAFE - (PRODUCT)RED,ACTIVE,1017,1409
MW523ZM/A,IPHONE 14 PLUS SILICONE CASE WITH MAGSAFE - CHALK PINK,ACTIVE,1017,1409
CASES & COVERS - IPHONE 15,,,,
MXPD3ZM/A,IPHONE 15 SILICONE CASE WITH MAGSAFE - BLACK,ACTIVE,1017,1409
MXPF3ZM/A,IPHONE 15 SILICONE CASE WITH MAGSAFE - STORM BLUE,ACTIVE,1017,1409
MXPG3ZM/A,IPHONE 15 SILICONE CASE WITH MAGSAFE - CLAY,ACTIVE,1017,1409
MXPH3ZM/A,IPHONE 15 SILICONE CASE WITH MAGSAFE - LIGHT PINK,ACTIVE,1017,1409
MXRK3ZM/A,IPHONE 15 CLEAR CASE WITH MAGSAFE,ACTIVE,1017,1409
CASES & COVERS - IPHONE 15 PLUS,,,,
MXQR3ZM/A,IPHONE 15 PLUS SILICONE CASE WITH MAGSAFE - BLACK,ACTIVE,1017,1409
MXQT3ZM/A,IPHONE 15 PLUS SILICONE CASE WITH MAGSAFE - STORM BLUE,ACTIVE,1017,1409
MXQU3ZM/A,IPHONE 15 PLUS SILICONE CASE WITH MAGSAFE - CLAY,ACTIVE,1017,1409
MXQV3ZM/A,IPHONE 15 PLUS SILICONE CASE WITH MAGSAFE - LIGHT PINK,ACTIVE,1017,1409
MXRL3ZM/A,IPHONE 15 PLUS CLEAR CASE WITH MAGSAFE,ACTIVE,1017,1409
MD3N4ZM/A,IPHONE 16E SILICONE CASE – BLACK,ACTIVE,815,1129
MD3P4ZM/A,IPHONE 16E SILICONE CASE – WHITE,ACTIVE,815,1129
MD3Q4ZM/A,IPHONE 16E SILICONE CASE – WINTER BLUE,ACTIVE,815,1129
MD3W4ZM/A,IPHONE 16E SILICONE CASE – FUCHSIA,ACTIVE,815,1129
MD3X4ZM/A,IPHONE 16E SILICONE CASE – LAKE GREEN,ACTIVE,815,1129
CASES & COVERS - IPHONE 15 PRO,,,,
MT1A3ZM/A,IPHONE 15 PRO SILICONE CASE WITH MAGSAFE - BLACK,ACTIVE,1017,1409
MT1D3ZM/A,IPHONE 15 PRO SILICONE CASE WITH MAGSAFE - STORM BLUE,ACTIVE,1017,1409
MT1E3ZM/A,IPHONE 15 PRO SILICONE CASE WITH MAGSAFE - CLAY,ACTIVE,1017,1409
MT1F3ZM/A,IPHONE 15 PRO SILICONE CASE WITH MAGSAFE - LIGHT PINK,ACTIVE,1017,1409
MT223ZM/A,IPHONE 15 PRO CLEAR CASE WITH MAGSAFE,ACTIVE,1017,1409
CASES & COVERS - IPHONE 15 PRO MAX,,,,
MT1M3ZM/A,IPHONE 15 PRO MAX SILICONE CASE WITH MAGSAFE - BLACK,ACTIVE,1017,1409
MT1P3ZM/A,IPHONE 15 PRO MAX SILICONE CASE WITH MAGSAFE - STORM BLUE,ACTIVE,1017,1409
MT1Q3ZM/A,IPHONE 15 PRO MAX SILICONE CASE WITH MAGSAFE - CLAY,ACTIVE,1017,1409
MT1U3ZM/A,IPHONE 15 PRO MAX SILICONE CASE WITH MAGSAFE - LIGHT PINK,ACTIVE,1017,1409
MT233ZM/A,IPHONE 15 PRO MAX CLEAR CASE WITH MAGSAFE,ACTIVE,1017,1409
CASES & COVERS - IPHONE 16,,,,
MA6A4ZM/A,IPHONE 16 CLEAR CASE WITH MAGSAFE,ACTIVE,1017,1409
MYY13ZM/A,IPHONE 16 SILICONE CASE WITH MAGSAFE - BLACK,ACTIVE,1017,1409
MYY23ZM/A,IPHONE 16 SILICONE CASE WITH MAGSAFE - DENIM,ACTIVE,1017,1409
MYY33ZM/A,IPHONE 16 SILICONE CASE WITH MAGSAFE - STONE GRAY,ACTIVE,1017,1409
MYY43ZM/A,IPHONE 16 SILICONE CASE WITH MAGSAFE - PLUM,ACTIVE,1017,1409
MYY53ZM/A,IPHONE 16 SILICONE CASE WITH MAGSAFE - FUCHSIA,Active,661,999
MYY63ZM/A,IPHONE 16 SILICONE CASE WITH MAGSAFE - ULTRAMARINE,ACTIVE,1017,1409
MYY73ZM/A,IPHONE 16 SILICONE CASE WITH MAGSAFE - STAR FRUIT,ACTIVE,1017,1409
MYY83ZM/A,IPHONE 16 SILICONE CASE WITH MAGSAFE - LAKE GREEN,ACTIVE,1017,1409
MDGM4ZM/A,IPHONE 16 SILICONE CASE WITH MAGSAFE - PEONY,ACTIVE,1017,1409
MDGN4ZM/A,IPHONE 16 SILICONE CASE WITH MAGSAFE - TANGERINE,ACTIVE,1017,1409
MDGP4ZM/A,IPHONE 16 SILICONE CASE WITH MAGSAFE - AQUAMARINE,ACTIVE,1017,1409
MDGQ4ZM/A,IPHONE 16 SILICONE CASE WITH MAGSAFE - PERIWINKLE,ACTIVE,1017,1409
CASES & COVERS - IPHONE 16 PLUS,,,,
MA7D4ZM/A,IPHONE 16 PLUS CLEAR CASE WITH MAGSAFE,ACTIVE,1017,1409
MCFG4LL/A,BEATS IPHONE 16 PLUS CASE WITH MAGSAFE - MIDNIGHT BLACK,ACTIVE,1216,1399
MCFH4LL/A,BEATS IPHONE 16 PLUS CASE WITH MAGSAFE - SUMMIT STONE,ACTIVE,1216,1399
MCFJ4LL/A,BEATS IPHONE 16 PLUS CASE WITH MAGSAFE - RIPTIDE BLUE,ACTIVE,1216,1399
MCFK4LL/A,BEATS IPHONE 16 PLUS CASE WITH MAGSAFE - SUNSET PURPLE,ACTIVE,1216,1399
MYY93ZM/A,IPHONE 16 PLUS SILICONE CASE WITH MAGSAFE - BLACK,ACTIVE,1017,1409
MYYA3ZM/A,IPHONE 16 PLUS SILICONE CASE WITH MAGSAFE - DENIM,ACTIVE,1017,1409
MYYC3ZM/A,IPHONE 16 PLUS SILICONE CASE WITH MAGSAFE - STONE GRAY,ACTIVE,1017,1409
MYYD3ZM/A,IPHONE 16 PLUS SILICONE CASE WITH MAGSAFE - PLUM,ACTIVE,1017,1409
MYYE3ZM/A,IPHONE 16 PLUS SILICONE CASE WITH MAGSAFE - FUCHSIA,ACTIVE,1017,1409
MYYF3ZM/A,IPHONE 16 PLUS SILICONE CASE WITH MAGSAFE - ULTRAMARINE,ACTIVE,1017,1409
MYYG3ZM/A,IPHONE 16 PLUS SILICONE CASE WITH MAGSAFE - STAR FRUIT,ACTIVE,1017,1409
MYYH3ZM/A,IPHONE 16 PLUS SILICONE CASE WITH MAGSAFE - LAKE GREEN,ACTIVE,1017,1409
MDGR4ZM/A,IPHONE 16 PLUS SILICONE CASE WITH MAGSAFE - PEONY,ACTIVE,1017,1409
MDGT4ZM/A,IPHONE 16 PLUS SILICONE CASE WITH MAGSAFE - TANGERINE,ACTIVE,1017,1409
MDGU4ZM/A,IPHONE 16 PLUS SILICONE CASE WITH MAGSAFE - AQUAMARINE,ACTIVE,1017,1409
MDGV4ZM/A,IPHONE 16 PLUS SILICONE CASE WITH MAGSAFE - PERIWINKLE,ACTIVE,1017,1409
CASES & COVERS - IPHONE 16 PRO,,,,
MA7E4ZM/A,IPHONE 16 PRO CLEAR CASE WITH MAGSAFE,ACTIVE,1017,1409
MCFL4LL/A,BEATS IPHONE 16 PRO CASE WITH MAGSAFE - MIDNIGHT BLACK,ACTIVE,1216,1399
MCFM4LL/A,BEATS IPHONE 16 PRO CASE WITH MAGSAFE - SUMMIT STONE,ACTIVE,1216,1399
MCFN4LL/A,BEATS IPHONE 16 PRO CASE WITH MAGSAFE - RIPTIDE BLUE,ACTIVE,1216,1399
MCFP4LL/A,BEATS IPHONE 16 PRO CASE WITH MAGSAFE - SUNSET PURPLE,ACTIVE,1216,1399
MYYJ3ZM/A,IPHONE 16 PRO SILICONE CASE WITH MAGSAFE - BLACK,ACTIVE,1017,1409
MYYK3ZM/A,IPHONE 16 PRO SILICONE CASE WITH MAGSAFE - DENIM,ACTIVE,1017,1409
MYYL3ZM/A,IPHONE 16 PRO SILICONE CASE WITH MAGSAFE - STONE GRAY,ACTIVE,1017,1409
MYYM3ZM/A,IPHONE 16 PRO SILICONE CASE WITH MAGSAFE - PLUM,ACTIVE,1017,1409
MYYN3ZM/A,IPHONE 16 PRO SILICONE CASE WITH MAGSAFE - FUCHSIA,ACTIVE,1017,1409
MYYP3ZM/A,IPHONE 16 PRO SILICONE CASE WITH MAGSAFE - ULTRAMARINE,ACTIVE,1017,1409
MYYQ3ZM/A,IPHONE 16 PRO SILICONE CASE WITH MAGSAFE - STAR FRUIT,ACTIVE,1017,1409
MYYR3ZM/A,IPHONE 16 PRO SILICONE CASE WITH MAGSAFE - LAKE GREEN,ACTIVE,1017,1409
MDFX4ZM/A,IPHONE 16 PRO SILICONE CASE WITH MAGSAFE - PEONY,ACTIVE,1017,1409
MDFY4ZM/A,IPHONE 16 PRO SILICONE CASE WITH MAGSAFE - TANGERINE,ACTIVE,1017,1409
MDG04ZM/A,IPHONE 16 PRO SILICONE CASE WITH MAGSAFE - AQUAMARINE,ACTIVE,1017,1409
MDG14ZM/A,IPHONE 16 PRO SILICONE CASE WITH MAGSAFE - PERIWINKLE,ACTIVE,1017,1409
CASES & COVERS - IPHONE 16 PRO MAX,,,,
MA7F4ZM/A,IPHONE 16 PRO MAX CLEAR CASE WITH MAGSAFE,ACTIVE,1017,1409
MA7U4ZM/A,IPHONE 16 PRO MAX SILICONE CASE WITH MAGSAFE - STAR FRUIT,ACTIVE,1017,1409
MA7V4ZM/A,IPHONE 16 PRO MAX SILICONE CASE WITH MAGSAFE - LAKE GREEN,ACTIVE,1017,1409
MCFQ4LL/A,BEATS IPHONE 16 PRO MAX CASE WITH MAGSAFE - MIDNIGHT BLACK,ACTIVE,1216,1399
MCFR4LL/A,BEATS IPHONE 16 PRO MAX CASE WITH MAGSAFE - SUMMIT STONE,ACTIVE,1216,1399
MCFT4LL/A,BEATS IPHONE 16 PRO MAX CASE WITH MAGSAFE - RIPTIDE BLUE,ACTIVE,1216,1399
MCFU4LL/A,BEATS IPHONE 16 PRO MAX CASE WITH MAGSAFE - SUNSET PURPLE,ACTIVE,1216,1399
MYYT3ZM/A,IPHONE 16 PRO MAX SILICONE CASE WITH MAGSAFE - BLACK,ACTIVE,1017,1409
MYYU3ZM/A,IPHONE 16 PRO MAX SILICONE CASE WITH MAGSAFE - DENIM,ACTIVE,1017,1409
MYYV3ZM/A,IPHONE 16 PRO MAX SILICONE CASE WITH MAGSAFE - STONE GRAY,ACTIVE,1017,1409
MYYW3ZM/A,IPHONE 16 PRO MAX SILICONE CASE WITH MAGSAFE - PLUM,ACTIVE,1017,1409
MYYX3ZM/A,IPHONE 16 PRO MAX SILICONE CASE WITH MAGSAFE - FUCHSIA,ACTIVE,1017,1409
MYYY3ZM/A,IPHONE 16 PRO MAX SILICONE CASE WITH MAGSAFE - ULTRAMARINE,ACTIVE,1017,1409
MDGW4ZM/A,IPHONE 16 PRO MAX SILICONE CASE WITH MAGSAFE - PEONY,ACTIVE,1017,1409
MDGX4ZM/A,IPHONE 16 PRO MAX SILICONE CASE WITH MAGSAFE - TANGERINE,ACTIVE,1017,1409
MDGY4ZM/A,IPHONE 16 PRO MAX SILICONE CASE WITH MAGSAFE - AQUAMARINE,ACTIVE,1017,1409
MDH04ZM/A,IPHONE 16 PRO MAX SILICONE CASE WITH MAGSAFE - PERIWINKLE,ACTIVE,1017,1409
CASES & COVERS - IPAD,,,,
MDEJ4ZM/A,SMART FOLIO FOR IPAD (A16) - WHITE,ACTIVE,1653,2289
MDEN4ZM/A,SMART FOLIO FOR IPAD (A16) - LEMONADE,ACTIVE,1653,2289
MDEP4ZM/A,SMART FOLIO FOR IPAD (A16) - WATERMELON,ACTIVE,1653,2289
MDEQ4ZM/A,SMART FOLIO FOR IPAD (A16) - SKY,ACTIVE,1653,2289
Extended Warranties,,,,
MAC EXTENDED WARRANTIES,,,,
N5111,"EXTENDED WARRANTY: MACBOOK AIR 13"" & 15""",Active,382,799
N5112,"EXTENDED WARRANTY: MACBOOK PRO 13"" | 14"" | 16""",Active,717,1499
N5113,EXTENDED WARRANTY: IMAC,Active,717,1499
N5114,EXTENDED WARRANTY: MAC MINI,Active,478,999
N5115,EXTENDED WARRANTY: MAC STUDIO,Active,1434,2999
IPAD EXTENDED WARRANTIES,,,,
N6111,"EXTENDED WARRANTY: IPAD 9TH GEN, 10TH GEN & IPAD A16",Active,195,299
N6112,EXTENDED WARRANTY: IPAD MINI,Active,260,399
N6113,EXTENDED WARRANTY: IPAD AIR ,Active,325,499
N6114,"EXTENDED WARRANTY: IPAD PRO 11""",Active,391,599
N6115,"EXTENDED WARRANTY: IPAD PRO 12.9"" & IPAD PRO 13""",Active,456,699
IPHONE EXTENDED WARRANTIES,,,,
N4274,EXTENDED WARRANTY: IPHONE 11,Active,130,199
N4275,"EXTENDED WARRANTY: IPHONE 12, 13 ,14, 15 & 16",Active,162,249
N4276,"EXTENDED WARRANTY: IPHONE 14 PRO, 15 PRO, 16 PRO",Active,195,299
N4277,"EXTENDED WARRANTY: IPHONE 14 PLUS, IPHONE 15 PLUS, 14 PRO MAX, 15 PRO MAX & 16 PRO MAX",Active,228,349
WATCH ACCESSORIES,,,,
MT0H3ZE/A,APPLE WATCH MAGNETIC FAST CHARGER TO USB-C CABLE (1 M),ACTIVE,616,789
MW6A3ZE/A,APPLE WATCH MAGNETIC CHARGING CABLE (1 M),ACTIVE,616,789
